2019/11/08 14:18:11.88,166.713287219,36,18,18,18,20,20
2019/11/08 14:18:11.88,165.24372060157165,36,18,18,18,20,20
2019/11/08 14:18:12.09,165.14791226356053,36,18,18,18,20,20
2019/11/08 14:18:12.09,165.25594339418703,36,18,18,18,20,20
2019/11/08 14:18:12.09,165.16233742438658,36,18,18,18,20,20
2019/11/08 14:18:12.09,165.0366311308472,36,18,18,18,20,20
2019/11/08 14:18:12.09,164.91002770651517,36,18,18,18,20,20
2019/11/08 14:18:12.14,164.88128022818844,36,18,18,18,20,20
2019/11/08 14:18:12.14,164.8517186109964,36,18,18,18,20,20
2019/11/08 14:18:12.36,164.74598658081322,36,18,18,18,20,20
2019/11/08 14:18:12.36,164.7206561677278,36,18,18,18,20,20
2019/11/08 14:18:12.44,164.77450501256777,36,18,18,18,20,20
2019/11/08 14:18:12.44,164.8155668073799,36,18,18,18,20,20
2019/11/08 14:18:12.44,164.793751495285,36,18,18,18,20,20
2019/11/08 14:18:12.82,164.8709873377058,36,18,18,18,20,20
2019/11/08 14:18:12.82,164.9248408958703,36,18,18,18,20,20
2019/11/08 14:18:12.82,165.00883832385472,36,18,18,18,20,20
2019/11/08 14:18:12.82,164.84191970634149,35,18,18,18,20,20
2019/11/08 14:18:12.82,164.82525205643668,35,18,18,18,20,20
2019/11/08 14:18:12.82,164.8486171122402,35,18,18,18,20,20
2019/11/08 14:18:12.82,164.7859196315093,35,18,18,18,20,20
2019/11/08 14:18:12.97,164.5257418470348,35,18,18,18,20,20
2019/11/08 14:18:12.97,164.342541013747,35,18,18,18,20,20
2019/11/08 14:18:13.04,164.23006112748928,35,18,18,18,20,20
2019/11/08 14:18:13.04,164.19554734470054,35,18,18,18,20,20
2019/11/08 14:18:13.05,164.37300873883356,35,18,18,18,20,20
2019/11/08 14:18:13.11,164.33190544869078,36,18,18,18,20,20
2019/11/08 14:18:13.11,164.45447635566853,36,18,18,18,20,20
2019/11/08 14:18:13.16,164.5180572588024,35,18,18,18,20,20
2019/11/08 14:18:13.32,164.59454848302227,35,18,18,18,20,20
2019/11/08 14:18:13.32,165.00796731671335,35,18,18,18,20,20
2019/11/08 14:18:13.45,165.07024769692043,35,18,18,18,20,20
2019/11/08 14:18:13.45,165.14709360359114,35,18,18,18,20,20
2019/11/08 14:18:13.45,165.07140466159336,35,18,18,18,20,20
2019/11/08 14:18:13.58,165.02039587858252,35,18,18,18,20,20
2019/11/08 14:18:13.58,165.2257635462964,35,18,18,18,20,20
2019/11/08 14:18:13.58,165.48595518513082,35,18,18,18,20,20
2019/11/08 14:18:13.97,165.58423574573004,35,18,18,18,20,20
2019/11/08 14:18:13.97,165.54271814778818,35,18,18,18,20,20
2019/11/08 14:18:13.97,165.49925053363538,35,18,18,18,20,20
2019/11/08 14:18:14.05,165.43342290516225,35,18,18,18,20,20
2019/11/08 14:18:14.05,165.22166472004426,35,18,18,18,20,20
2019/11/08 14:18:14.05,164.80932895306904,35,18,18,18,20,20
2019/11/08 14:18:14.05,164.41073834751515,35,18,18,18,20,20
2019/11/08 14:18:14.05,164.27736328271612,35,18,18,18,20,20
2019/11/08 14:18:14.05,164.30460540166825,34,18,18,18,20,20
2019/11/08 14:18:14.13,164.34239895879907,34,18,18,18,20,20
2019/11/08 14:18:14.13,164.3901078713454,34,18,18,18,20,20
2019/11/08 14:18:14.25,164.40398308722487,34,18,18,18,20,20
2019/11/08 14:18:14.30,164.4416092364926,34,18,18,18,20,20
2019/11/08 14:18:14.30,164.3966943946343,34,18,18,18,20,20
2019/11/08 14:18:14.30,164.379022938855,34,18,18,18,20,20
2019/11/08 14:18:14.52,164.68521290765182,34,18,18,18,20,20
2019/11/08 14:18:14.59,165.00995270913776,34,18,18,18,20,20
2019/11/08 14:18:14.59,165.3251810346237,34,18,18,18,20,20
2019/11/08 14:18:14.59,165.32509427167577,34,18,18,18,20,20
2019/11/08 14:18:14.60,165.39644972497354,34,18,18,18,20,20
2019/11/08 14:18:14.64,166.0520718921297,35,18,18,18,20,20
2019/11/08 14:18:14.70,166.39569720376062,35,18,18,18,20,20
2019/11/08 14:18:14.70,166.8845033202722,35,18,18,18,20,20
2019/11/08 14:18:14.75,167.0825207811804,36,18,18,18,20,20
2019/11/08 14:18:14.82,167.19426539101417,37,18,18,18,20,20
2019/11/08 14:18:14.87,167.47734115765684,38,18,18,18,20,20
2019/11/08 14:18:15.05,167.6644053035792,39,18,18,18,20,20
2019/11/08 14:18:15.05,167.7612281704314,39,18,18,18,20,20
2019/11/08 14:18:15.05,167.59449663722404,40,18,18,18,20,20
2019/11/08 14:18:15.44,168.39002653319594,41,18,18,18,20,20
2019/11/08 14:18:15.44,168.86677383276873,41,18,18,18,20,20
2019/11/08 14:18:15.44,169.50837307164625,41,18,18,18,20,20
2019/11/08 14:18:15.45,170.56442825970694,43,18,18,18,20,20
2019/11/08 14:18:15.45,171.07264684055133,47,18,18,18,20,20
2019/11/08 14:18:15.45,171.51093759121318,50,18,18,18,20,20
2019/11/08 14:18:15.45,171.7672952294514,55,18,18,19,20,20
2019/11/08 14:18:15.45,172.04223681066628,59,18,18,19,20,20
2019/11/08 14:18:15.63,172.38686331263455,62,18,18,19,20,20
2019/11/08 14:18:15.63,171.9097468956123,69,18,18,19,20,20
2019/11/08 14:18:15.63,171.5840396701751,77,18,18,19,20,20
2019/11/08 14:18:15.64,171.11463767331338,92,18,18,19,20,20
2019/11/08 14:18:15.75,170.42734675164124,97,18,18,19,20,20
2019/11/08 14:18:15.75,169.37133740200366,101,18,18,19,20,20
2019/11/08 14:18:15.96,168.40353158598833,107,18,18,19,20,20
2019/11/08 14:18:15.96,166.5396383613059,111,18,18,19,20,20
2019/11/08 14:18:15.96,165.00557000379962,117,18,18,19,20,20
2019/11/08 14:18:15.96,163.9711725335995,127,18,18,20,20,20
2019/11/08 14:18:16.05,163.08345166478819,134,18,18,20,20,20
2019/11/08 14:18:16.06,163.08907582032788,139,18,18,20,20,20
2019/11/08 14:18:16.10,164.06543218616198,144,18,18,20,20,20
2019/11/08 14:18:16.10,165.81605655450764,147,19,18,20,20,20
2019/11/08 14:18:16.36,167.4873510662162,145,19,18,20,20,20
2019/11/08 14:18:16.36,169.0107329401174,139,18,18,20,20,20
2019/11/08 14:18:16.36,169.60896364465574,130,18,18,20,20,20
2019/11/08 14:18:16.36,169.7949727812839,123,18,18,19,20,20
2019/11/08 14:18:16.36,170.38341688265933,113,18,18,19,20,20
2019/11/08 14:18:16.55,171.30946146085472,107,18,18,19,20,20
2019/11/08 14:18:16.55,172.5479745877122,103,18,18,19,20,20
2019/11/08 14:18:16.55,173.12811899396996,103,18,18,19,20,20
2019/11/08 14:18:16.62,172.55078319393294,102,18,18,19,20,20
2019/11/08 14:18:16.72,170.98952292921712,96,18,18,19,20,20
2019/11/08 14:18:16.72,169.0925976782177,92,18,18,19,20,20
2019/11/08 14:18:16.72,168.27490981279155,84,18,18,19,20,20
2019/11/08 14:18:16.77,168.25398595002923,73,18,18,19,20,20
2019/11/08 14:18:16.85,168.40542808721153,65,18,18,19,20,20
2019/11/08 14:18:16.92,169.105763471774,58,18,18,18,20,20
2019/11/08 14:18:16.92,170.3972578139702,54,18,18,18,20,20
2019/11/08 14:18:17.15,171.38002666379515,52,18,18,18,20,20
2019/11/08 14:18:17.15,173.31987920695013,50,18,18,18,20,20
2019/11/08 14:18:17.22,175.27883339573222,53,18,18,19,20,20
2019/11/08 14:18:17.22,176.710300998349,56,18,18,19,20,20
2019/11/08 14:18:17.22,178.86174162041274,58,18,18,19,20,20
2019/11/08 14:18:17.22,178.9556064292115,62,18,18,19,20,20
2019/11/08 14:18:17.26,178.90579172763623,63,18,18,19,21,20
2019/11/08 14:18:17.32,178.698741618983,63,18,18,19,21,20
2019/11/08 14:18:17.38,177.69777193745227,63,18,18,19,21,20
2019/11/08 14:18:17.47,176.19499981047818,66,18,18,19,21,20
2019/11/08 14:18:17.59,175.0346259844815,68,18,18,19,21,20
2019/11/08 14:18:17.59,173.8029390855818,73,18,18,19,21,20
2019/11/08 14:18:17.59,172.74864178995128,80,18,18,19,21,20
2019/11/08 14:18:18.08,172.24578609847063,86,18,18,20,21,20
2019/11/08 14:18:18.08,171.91760077656028,90,18,18,20,21,20
2019/11/08 14:18:18.08,171.74706808037266,95,18,18,20,21,20
2019/11/08 14:18:18.08,172.11275190645617,98,18,18,20,21,20
2019/11/08 14:18:18.08,173.10866707577148,99,18,18,20,21,20
2019/11/08 14:18:18.08,174.74522332994124,98,18,18,20,20,20
2019/11/08 14:18:18.18,176.90128846783074,95,18,18,20,20,20
2019/11/08 14:18:18.18,175.73066065049687,89,18,18,20,20,20
2019/11/08 14:18:18.18,173.04801079746042,80,18,18,19,21,20
2019/11/08 14:18:18.18,170.57508605796832,69,18,18,19,21,20
2019/11/08 14:18:18.18,169.33352293971308,53,18,18,19,21,20
2019/11/08 14:18:18.18,168.23047287428,46,18,18,19,22,20
2019/11/08 14:18:18.55,167.71599924931172,42,18,18,19,22,21
2019/11/08 14:18:18.56,168.30937646582743,40,18,18,19,22,21
2019/11/08 14:18:18.74,169.9060852704539,39,18,18,19,22,21
2019/11/08 14:18:18.74,172.23717074999496,38,18,18,19,22,21
2019/11/08 14:18:18.74,172.46900368849927,37,18,18,19,22,21
2019/11/08 14:18:18.74,171.75271690999892,39,18,18,19,21,20
2019/11/08 14:18:18.74,170.01574170446935,42,18,18,19,21,20
2019/11/08 14:18:18.74,168.37335310008072,45,18,18,19,21,20
2019/11/08 14:18:18.74,167.10724862963542,44,18,18,19,21,20
2019/11/08 14:18:18.74,166.61302474642696,44,18,18,19,20,20
2019/11/08 14:18:18.74,166.45720060228584,44,18,18,18,20,20
2019/11/08 14:18:18.81,167.1972044312054,45,18,18,18,20,20
2019/11/08 14:18:18.88,168.50863911977234,45,18,18,18,20,20
2019/11/08 14:18:18.88,170.27894984505784,45,18,18,18,20,20
2019/11/08 14:18:18.99,172.243057163548,46,18,18,18,20,20
2019/11/08 14:18:18.99,172.1885604336082,51,18,18,19,20,20
2019/11/08 14:18:19.10,168.48979018734298,59,18,18,19,20,20
2019/11/08 14:18:19.10,164.00731240824058,76,18,18,19,20,20
2019/11/08 14:18:19.25,160.7833055817437,106,18,18,19,20,20
2019/11/08 14:18:19.25,158.05997183716033,132,19,18,20,20,20
2019/11/08 14:18:19.31,155.21743977608025,156,19,18,20,20,20
2019/11/08 14:18:19.31,152.14968102098555,176,19,18,21,20,20
2019/11/08 14:18:19.32,148.73434814423277,195,19,18,21,20,20
2019/11/08 14:18:19.53,145.3918394392848,228,19,18,22,20,20
2019/11/08 14:18:19.53,141.99126241841785,272,19,18,22,20,20
2019/11/08 14:18:19.53,138.70217355174816,323,19,18,23,20,20
2019/11/08 14:18:19.53,134.73658676895528,376,19,18,23,20,20
2019/11/08 14:18:19.64,131.09599780338274,413,19,18,23,20,20
2019/11/08 14:18:19.64,127.80223490810836,449,19,18,23,20,20
2019/11/08 14:18:19.95,124.75694169004798,484,19,18,23,20,20
2019/11/08 14:18:19.95,121.27613284869584,504,19,18,23,20,20
2019/11/08 14:18:19.95,117.98899472609418,521,19,18,22,20,20
2019/11/08 14:18:19.95,114.56170846864377,535,19,18,21,20,20
2019/11/08 14:18:19.95,111.57559068388991,544,19,18,21,20,20
2019/11/08 14:18:19.95,108.71893632992573,551,19,18,21,20,20
2019/11/08 14:18:19.95,105.33828462844149,562,19,18,20,20,20
2019/11/08 14:18:20.12,102.1584480335812,566,19,18,20,20,20
2019/11/08 14:18:20.13,98.71015809439864,572,19,18,20,20,20
2019/11/08 14:18:20.13,95.6620821422264,577,19,18,20,20,20
2019/11/08 14:18:20.20,92.95825829202579,582,19,18,20,20,20
2019/11/08 14:18:20.31,90.81552490051381,587,19,18,20,20,20
2019/11/08 14:18:20.31,88.88445228046481,591,19,18,19,20,20
2019/11/08 14:18:20.31,86.3674721476966,593,19,18,19,20,20
2019/11/08 14:18:20.45,83.10991769801302,595,19,18,19,20,20
2019/11/08 14:18:20.52,79.58071409670323,597,19,18,19,20,19
2019/11/08 14:18:20.52,76.3210042547545,599,19,18,19,20,19
2019/11/08 14:18:20.52,73.29678869044791,601,19,18,19,20,19
2019/11/08 14:18:20.71,70.57055179206873,604,19,18,19,20,19
2019/11/08 14:18:20.71,67.8871105268718,606,19,18,19,20,19
2019/11/08 14:18:21.07,65.01709886040561,607,19,18,19,19,19
2019/11/08 14:18:21.07,62.10059162111067,610,19,18,19,19,19
2019/11/08 14:18:21.07,59.08768584663496,610,19,18,19,19,19
2019/11/08 14:18:21.07,55.8968391807889,612,19,18,19,19,19
2019/11/08 14:18:21.07,52.90624003888022,613,19,18,19,19,19
2019/11/08 14:18:21.07,50.40643634308867,613,20,18,19,19,18
2019/11/08 14:18:21.08,48.41006680711636,614,20,18,19,19,18
2019/11/08 14:18:21.26,46.20141403090209,616,20,18,20,19,18
2019/11/08 14:18:21.26,43.228250605960575,617,20,18,20,19,18
2019/11/08 14:18:21.26,40.60716865928823,617,20,18,20,19,18
2019/11/08 14:18:21.26,38.81965006042986,618,20,18,20,19,18
2019/11/08 14:18:21.26,37.75812227766543,619,20,18,20,19,18
2019/11/08 14:18:21.26,36.60297165056525,619,20,18,20,19,18
2019/11/08 14:18:21.32,35.35177814450237,619,20,18,20,19,18
2019/11/08 14:18:21.51,34.10642230992921,620,20,18,20,19,18
2019/11/08 14:18:21.51,32.86012999404994,621,20,18,20,19,17
2019/11/08 14:18:21.51,32.675953613971295,621,20,18,20,19,18
2019/11/08 14:18:21.52,32.22097628107647,621,20,18,20,19,17
2019/11/08 14:18:21.62,31.702718665099525,621,20,18,20,19,17
2019/11/08 14:18:22.00,31.550372025290965,620,20,18,20,19,17
2019/11/08 14:18:22.00,31.522685000523406,620,20,18,20,19,17
2019/11/08 14:18:22.01,31.712294686820805,619,20,18,20,19,17
2019/11/08 14:18:22.01,32.43110450369186,619,20,18,20,19,17
2019/11/08 14:18:22.01,34.0772722159999,619,20,18,20,19,17
2019/11/08 14:18:22.01,36.84252292390433,618,20,18,20,19,17
2019/11/08 14:18:22.01,39.95289266430068,618,20,18,20,19,17
2019/11/08 14:18:22.01,42.81004002242782,616,20,18,20,19,17
2019/11/08 14:18:22.13,45.739202120431955,614,21,18,20,19,18
2019/11/08 14:18:22.13,49.13137154037931,612,21,18,20,19,17
2019/11/08 14:18:22.13,53.041569657297806,608,21,18,20,19,18
2019/11/08 14:18:22.32,57.514498057522985,606,21,18,20,19,18
2019/11/08 14:18:22.32,62.211274004448725,603,21,18,20,19,18
2019/11/08 14:18:22.32,67.42469518851527,601,20,18,20,19,18
2019/11/08 14:18:22.32,74.35434322623706,598,20,18,20,19,19
2019/11/08 14:18:22.47,82.63282109085928,595,20,18,20,19,19
2019/11/08 14:18:22.47,91.43971327572129,592,19,18,19,19,19
2019/11/08 14:18:22.47,100.04715718634651,586,19,18,19,20,19
2019/11/08 14:18:22.67,108.29578087510038,579,18,18,20,20,20
2019/11/08 14:18:22.67,115.9698094280619,567,18,18,20,20,20
2019/11/08 14:18:23.01,123.58627428925183,552,18,18,20,21,20
2019/11/08 14:18:23.02,131.50919722191037,530,18,18,20,21,21
2019/11/08 14:18:23.02,139.8440253046014,502,18,18,20,21,21
2019/11/08 14:18:23.02,147.5772806414882,456,18,19,20,22,21
2019/11/08 14:18:23.02,155.0884704472882,396,18,19,20,22,21
2019/11/08 14:18:23.02,161.99333507395457,316,18,19,20,22,22
2019/11/08 14:18:23.02,166.67866104268208,253,18,19,19,22,22
2019/11/08 14:18:23.02,170.08937702602466,212,18,19,19,22,22
2019/11/08 14:18:23.06,171.9341406418645,180,18,19,19,22,22
2019/11/08 14:18:23.06,171.99568697819925,162,18,19,19,22,22
2019/11/08 14:18:23.13,170.43529924847485,149,18,19,19,22,22
2019/11/08 14:18:23.34,168.3162202905238,135,18,19,19,22,22
2019/11/08 14:18:23.34,165.75721634018706,125,18,19,19,22,22
2019/11/08 14:18:23.34,163.74801047856727,114,18,19,19,22,22
2019/11/08 14:18:23.34,163.90856955049207,105,18,19,19,22,22
2019/11/08 14:18:23.66,163.80633924855638,98,18,19,19,22,22
2019/11/08 14:18:23.66,163.68480811187533,95,18,19,18,22,22
2019/11/08 14:18:23.66,163.75242998453353,95,18,19,18,22,22
2019/11/08 14:18:23.66,164.0226822612004,91,18,19,18,22,22
2019/11/08 14:18:23.66,164.9046252632794,87,18,19,18,22,21
2019/11/08 14:18:23.66,166.9465943010308,85,18,19,18,22,21
2019/11/08 14:18:24.15,169.73042963012045,83,18,19,18,22,21
2019/11/08 14:18:24.15,171.52541171816114,85,18,19,18,22,21
2019/11/08 14:18:24.15,169.04655223353205,93,18,19,19,22,21
2019/11/08 14:18:24.15,162.3688231797631,109,18,19,19,22,21
2019/11/08 14:18:24.15,153.49051490532474,131,18,18,19,22,21
2019/11/08 14:18:24.15,143.74852729297356,160,18,18,20,22,21
2019/11/08 14:18:24.15,134.02707872345954,183,19,18,21,22,21
2019/11/08 14:18:24.15,125.46038893364904,222,19,18,22,21,21
2019/11/08 14:18:24.15,117.76023539436532,328,19,18,22,21,21
2019/11/08 14:18:24.15,111.7792107279511,448,19,18,22,21,21
2019/11/08 14:18:24.16,107.20051318066254,512,19,18,21,21,21
2019/11/08 14:18:24.24,103.86445441369679,544,19,18,20,21,21
2019/11/08 14:18:24.38,100.87321336594134,557,19,18,20,21,20
2019/11/08 14:18:24.38,97.48543554820719,568,19,18,20,21,20
2019/11/08 14:18:24.38,92.06754496860074,574,19,18,19,21,20
2019/11/08 14:18:24.47,84.87129438554014,578,19,18,19,20,20
2019/11/08 14:18:24.47,76.69178496344905,585,19,18,19,20,20
2019/11/08 14:18:24.63,68.77439837356474,591,19,18,19,20,20
2019/11/08 14:18:24.63,61.92747775539505,598,19,18,19,20,20
2019/11/08 14:18:24.68,56.721669364141434,605,19,18,19,20,20
2019/11/08 14:18:24.68,52.54894721479132,609,20,18,20,20,19
2019/11/08 14:18:24.74,48.941510364505206,613,20,18,19,20,19
2019/11/08 14:18:24.74,45.8069050167415,615,20,18,20,19,18
2019/11/08 14:18:24.87,43.30161408035338,615,20,18,20,19,18
2019/11/08 14:18:24.87,40.90525743954187,617,21,18,20,19,18
2019/11/08 14:18:24.94,38.52074062101599,618,21,18,20,19,18
2019/11/08 14:18:24.94,36.928162731606896,618,21,18,20,19,18
2019/11/08 14:18:25.04,35.034860147758415,620,21,18,20,19,18
2019/11/08 14:18:25.14,33.475195526755165,620,21,18,21,19,18
2019/11/08 14:18:25.14,32.76430219422016,620,21,18,21,19,18
2019/11/08 14:18:25.26,32.76822654461513,621,21,18,21,19,18
2019/11/08 14:18:25.26,32.750934445061624,622,21,18,21,19,18
2019/11/08 14:18:25.45,32.37936968623872,622,21,18,21,19,18
2019/11/08 14:18:25.45,32.020191488814376,620,21,18,21,19,18
2019/11/08 14:18:25.45,32.14158552520191,620,20,18,21,19,18
2019/11/08 14:18:25.55,32.54980095397562,620,21,18,21,19,18
2019/11/08 14:18:25.55,32.73545128872384,620,21,18,21,19,18
2019/11/08 14:18:25.55,32.400627372592176,619,21,18,21,19,18
2019/11/08 14:18:25.66,32.36977696112744,619,20,18,21,19,18
2019/11/08 14:18:25.66,32.668618839346315,618,20,18,21,19,18
2019/11/08 14:18:25.66,32.72097014146154,617,20,18,21,19,18
2019/11/08 14:18:25.72,32.942177435987965,617,20,18,21,19,18
2019/11/08 14:18:25.77,32.90376219564336,617,21,18,21,19,18
2019/11/08 14:18:25.86,32.99298312130532,617,21,18,21,19,18
2019/11/08 14:18:25.86,32.96039101345861,616,20,18,21,19,18
2019/11/08 14:18:26.12,32.88902579644556,616,20,18,21,19,18
2019/11/08 14:18:26.12,32.9258551793987,615,20,18,21,19,18
2019/11/08 14:18:26.12,32.914455421381284,616,20,18,21,19,18
2019/11/08 14:18:26.12,33.11811509736467,615,20,18,21,19,18
2019/11/08 14:18:26.17,33.64665554017558,615,20,18,21,19,18
2019/11/08 14:18:26.17,34.86662398925101,615,21,18,21,19,18
2019/11/08 14:18:26.26,37.49570962130442,615,21,18,21,19,18
2019/11/08 14:18:26.33,41.24023756741876,615,21,18,21,19,18
2019/11/08 14:18:26.33,45.54739502986711,615,21,18,21,19,18
2019/11/08 14:18:26.40,50.190679547460874,612,22,18,21,19,18
2019/11/08 14:18:26.61,55.41345960843325,609,22,18,20,19,18
2019/11/08 14:18:26.62,61.145354981996036,606,21,18,20,19,18
2019/11/08 14:18:26.62,67.18774184572018,603,21,18,20,19,18
2019/11/08 14:18:26.62,73.69006746953717,599,21,18,20,19,19
2019/11/08 14:18:26.70,81.42235750000654,594,20,18,19,19,19
2019/11/08 14:18:26.70,90.4173706899889,588,20,18,19,20,19
2019/11/08 14:18:26.70,100.2322044324592,580,19,18,19,20,20
2019/11/08 14:18:27.07,110.99162986325915,570,19,18,19,20,20
2019/11/08 14:18:27.07,122.29406503945937,559,19,18,19,20,20
2019/11/08 14:18:27.07,133.3940611908294,536,19,18,19,20,21
2019/11/08 14:18:27.07,143.45061845441694,504,18,18,19,21,21
2019/11/08 14:18:27.07,152.2018938421566,448,18,19,20,22,21
2019/11/08 14:18:27.16,159.14882617496224,352,18,19,20,22,22
2019/11/08 14:18:27.16,164.40784552816314,264,18,19,19,22,22
2019/11/08 14:18:27.16,168.7787346795177,217,18,19,19,22,22
2019/11/08 14:18:27.16,171.7528917388934,185,18,19,19,22,22
2019/11/08 14:18:27.29,171.11316357605523,161,18,19,19,22,22
2019/11/08 14:18:27.44,169.84300906756394,148,18,19,19,22,22
2019/11/08 14:18:27.44,168.53997655745505,134,18,19,19,22,22
2019/11/08 14:18:27.44,168.2906774226663,121,18,19,19,22,22
2019/11/08 14:18:27.44,168.01706878745875,109,18,19,19,22,22
2019/11/08 14:18:27.51,167.5074381408673,101,18,19,19,22,22
2019/11/08 14:18:27.51,167.26796101281352,96,18,19,19,22,22
2019/11/08 14:18:27.60,167.31103594672976,93,18,19,19,22,22
2019/11/08 14:18:27.66,167.23762778259783,88,18,19,18,22,22
2019/11/08 14:18:27.66,167.33348990219233,85,18,19,18,22,21
2019/11/08 14:18:27.72,167.54681369521586,83,18,19,18,22,21
2019/11/08 14:18:27.80,168.00207602753994,80,18,19,18,22,21
2019/11/08 14:18:27.86,168.3781274528803,78,18,19,18,22,21
2019/11/08 14:18:27.86,168.39951883607404,78,18,19,18,22,21
2019/11/08 14:18:27.92,168.42422709241688,78,18,19,18,22,21
2019/11/08 14:18:28.14,170.0558353001261,78,18,19,18,22,21
2019/11/08 14:18:28.14,171.3486531774706,75,18,19,18,22,21
2019/11/08 14:18:28.14,171.5865262528138,75,18,19,18,22,21
2019/11/08 14:18:28.23,171.20034444849264,91,18,19,19,22,21
2019/11/08 14:18:28.23,170.14328167228055,107,18,19,19,22,21
2019/11/08 14:18:28.23,167.7005398742328,113,18,19,19,22,21
2019/11/08 14:18:28.43,163.61832118767774,121,18,18,19,22,21
2019/11/08 14:18:28.44,158.35219052370482,135,18,18,19,22,21
2019/11/08 14:18:28.44,151.24484972540668,148,18,18,20,22,21
2019/11/08 14:18:28.44,142.15909608676125,163,18,18,20,21,21
2019/11/08 14:18:28.52,131.61235548128863,184,18,18,21,21,21
2019/11/08 14:18:28.52,120.03248458686782,231,18,18,22,21,21
2019/11/08 14:18:28.73,108.17976246401622,327,19,18,22,21,21
2019/11/08 14:18:28.73,97.24019025106712,450,19,18,21,21,21
2019/11/08 14:18:28.73,87.15850220269849,531,19,18,20,21,21
2019/11/08 14:18:28.74,77.4865972320396,567,19,18,20,21,21
2019/11/08 14:18:28.74,68.68622181960988,585,19,18,20,21,20
2019/11/08 14:18:28.87,61.30406770776329,597,19,18,19,20,20
2019/11/08 14:18:29.12,55.00827424651728,603,20,18,19,20,20
2019/11/08 14:18:29.12,49.50958070187622,607,21,18,20,20,20
2019/11/08 14:18:29.35,44.13341408819306,611,21,18,20,20,20
2019/11/08 14:18:29.35,39.35387437704917,614,21,18,20,19,18
2019/11/08 14:18:29.35,35.1742409847042,614,21,18,20,19,18
2019/11/08 14:18:29.35,33.401557152547,618,21,18,21,19,18
2019/11/08 14:18:29.35,33.40975681331214,620,21,18,22,19,18
2019/11/08 14:18:29.35,33.80216648041471,622,21,18,22,19,18
2019/11/08 14:18:29.35,33.73101671175539,621,21,18,23,19,18
2019/11/08 14:18:29.35,33.35522513908882,620,21,18,22,19,18
2019/11/08 14:18:29.41,33.122731788707405,619,20,18,22,19,18
2019/11/08 14:18:29.41,32.831922301219166,619,20,18,22,19,18
2019/11/08 14:18:29.65,32.71020492972443,618,20,18,22,19,18
2019/11/08 14:18:29.65,32.665090069437504,617,20,18,22,19,18
2019/11/08 14:18:29.65,32.94087188880291,617,20,18,22,19,18
2019/11/08 14:18:29.65,33.296742230705206,618,20,18,22,19,18
2019/11/08 14:18:29.98,34.648855370560085,617,20,18,22,19,18
2019/11/08 14:18:29.98,36.1250517092909,616,20,18,22,19,18
2019/11/08 14:18:29.98,37.39274325981362,616,21,18,22,19,18
2019/11/08 14:18:30.12,38.209548296633436,615,21,18,22,19,18
2019/11/08 14:18:30.12,38.26188895904149,614,21,18,22,19,18
2019/11/08 14:18:30.12,38.122163300363624,612,21,18,21,19,18
2019/11/08 14:18:30.12,38.327577574172594,611,21,18,21,19,18
2019/11/08 14:18:30.54,38.9041732467274,610,21,18,21,19,18
2019/11/08 14:18:30.55,39.676463045488454,609,21,18,21,19,18
2019/11/08 14:18:30.55,41.01337755073782,609,21,18,21,19,18
2019/11/08 14:18:30.55,42.27369771068355,609,21,18,21,19,18
2019/11/08 14:18:30.55,43.46435469315694,609,21,18,21,19,18
2019/11/08 14:18:30.55,44.21274056009272,608,21,18,21,19,18
2019/11/08 14:18:30.55,44.6264655068885,607,21,18,21,19,18
2019/11/08 14:18:30.55,44.982880106355644,606,21,18,20,19,18
2019/11/08 14:18:30.55,45.614917364214136,606,20,18,20,19,18
2019/11/08 14:18:30.55,46.44165444882693,605,20,18,20,19,18
2019/11/08 14:18:30.74,47.02213986353879,604,20,18,20,19,18
2019/11/08 14:18:30.74,47.64242664905863,604,20,18,20,19,18
2019/11/08 14:18:30.74,48.64719259885142,605,20,18,20,19,18
2019/11/08 14:18:30.74,49.805002723132546,604,20,18,20,19,18
2019/11/08 14:18:30.74,50.82316390190423,604,20,18,20,19,18
2019/11/08 14:18:30.74,51.578633535737325,604,20,18,20,19,18
2019/11/08 14:18:30.84,51.99030733273192,604,20,18,20,19,18
2019/11/08 14:18:31.58,52.435694696019915,601,20,18,20,19,18
2019/11/08 14:18:31.58,53.308346389544795,600,20,18,20,19,18
2019/11/08 14:18:31.58,54.224543993330094,599,20,18,19,19,18
2019/11/08 14:18:31.58,55.01500076766679,600,20,18,19,19,18
2019/11/08 14:18:31.58,55.5049056363451,598,20,18,19,19,18
2019/11/08 14:18:31.59,55.70294566942808,598,20,18,19,19,18
2019/11/08 14:18:31.59,56.47369068339446,598,20,18,19,19,18
2019/11/08 14:18:31.59,57.2165153192293,598,20,18,19,19,18
2019/11/08 14:18:31.59,57.760875117008304,597,19,18,19,19,18
2019/11/08 14:18:31.59,58.23743136801505,596,19,18,19,19,18
2019/11/08 14:18:31.59,58.92644132335704,596,19,18,19,19,18
2019/11/08 14:18:31.88,59.71001353035511,596,19,18,19,19,18
2019/11/08 14:18:31.89,60.11230790345399,594,19,18,19,19,19
2019/11/08 14:18:31.89,60.05320937931627,594,19,18,19,19,18
2019/11/08 14:18:31.89,60.24817773953482,593,19,18,19,19,18
2019/11/08 14:18:31.89,61.00357975449693,592,19,18,19,19,18
2019/11/08 14:18:31.89,62.13327382740586,591,19,18,19,19,18
2019/11/08 14:18:31.89,63.17192062393304,590,19,18,19,19,18
2019/11/08 14:18:31.89,64.15679421002407,590,19,18,19,19,19
2019/11/08 14:18:31.89,65.25312317913527,589,19,18,19,19,19
2019/11/08 14:18:31.95,66.51520191211235,587,19,18,19,19,19
2019/11/08 14:18:31.95,67.77739301240145,586,19,18,19,19,19
2019/11/08 14:18:31.95,68.73295942090681,587,19,18,19,19,19
2019/11/08 14:18:32.14,69.6887448755879,585,19,18,19,19,19
2019/11/08 14:18:32.14,70.68521484883455,584,19,18,19,19,19
2019/11/08 14:18:32.14,71.97379261119353,582,19,18,19,19,19
2019/11/08 14:18:32.14,73.56846418550386,582,19,18,19,19,19
2019/11/08 14:18:32.32,75.38693890386882,580,19,18,19,19,19
2019/11/08 14:18:32.32,77.1781881668589,577,19,18,19,19,19
2019/11/08 14:18:32.32,78.79032585179633,574,19,18,19,19,19
2019/11/08 14:18:32.40,80.32061498974898,572,19,18,19,19,19
2019/11/08 14:18:32.47,81.9838564470543,572,19,18,19,19,19
2019/11/08 14:18:32.47,83.84698349874238,567,19,18,19,19,19
2019/11/08 14:18:32.55,85.89553188980035,566,19,18,19,20,19
2019/11/08 14:18:32.55,87.74470766226301,563,19,18,19,19,19
2019/11/08 14:18:32.70,89.40460230254712,560,19,18,19,20,20
2019/11/08 14:18:32.70,90.97503408753491,556,19,18,19,20,20
2019/11/08 14:18:32.71,92.10406517750897,552,18,18,19,20,20
2019/11/08 14:18:32.76,93.4102319221859,548,18,18,19,20,20
2019/11/08 14:18:32.91,94.92399669292568,546,18,18,19,20,20
2019/11/08 14:18:33.01,96.2992843722784,541,18,18,19,20,20
2019/11/08 14:18:33.02,97.65596720673182,539,18,18,19,20,20
2019/11/08 14:18:33.02,98.59533032175815,536,18,18,19,20,20
2019/11/08 14:18:33.18,100.24869615332531,533,18,18,19,20,20
2019/11/08 14:18:33.18,101.4491761116571,528,18,18,19,20,20
2019/11/08 14:18:33.18,102.41985535258942,525,18,18,19,20,20
2019/11/08 14:18:33.29,103.35807263634061,521,18,18,19,20,20
2019/11/08 14:18:33.29,104.44433051558525,519,18,18,19,20,20
2019/11/08 14:18:33.42,105.89168487941902,513,18,18,19,20,20
2019/11/08 14:18:33.42,107.76356916838614,511,18,18,19,20,20
2019/11/08 14:18:33.42,109.54097761501386,507,18,18,19,20,20
2019/11/08 14:18:33.69,111.13066884202553,503,18,18,19,20,20
2019/11/08 14:18:33.69,112.63784526600242,495,18,18,19,20,20
2019/11/08 14:18:33.69,114.10339810451104,490,18,18,19,20,20
2019/11/08 14:18:33.69,115.70806903061411,484,18,18,19,20,20
2019/11/08 14:18:33.84,117.78543578341437,477,18,18,19,21,20
2019/11/08 14:18:33.84,119.89853768396745,470,18,18,19,21,20
2019/11/08 14:18:33.84,121.65211560580792,461,18,18,19,21,20
2019/11/08 14:18:33.84,122.94828071335905,449,18,18,19,21,21
2019/11/08 14:18:33.89,123.83398411301809,436,18,18,19,21,21
2019/11/08 14:18:33.89,124.62227984543695,423,18,18,19,21,21
2019/11/08 14:18:34.04,125.87276400620752,411,18,18,19,21,21
2019/11/08 14:18:34.04,127.32220185246226,403,18,18,19,21,21
2019/11/08 14:18:34.20,129.23498093149888,395,18,18,19,21,21
2019/11/08 14:18:34.20,131.44378201140083,384,18,18,19,21,21
2019/11/08 14:18:34.20,133.51212476025125,370,18,18,19,21,21
2019/11/08 14:18:34.20,135.2689910762536,354,18,18,19,21,21
2019/11/08 14:18:34.34,136.6804202896971,331,18,18,19,21,21
2019/11/08 14:18:34.34,138.5301025384264,308,18,18,19,21,21
2019/11/08 14:18:34.34,141.32999065627547,288,18,18,19,21,21
2019/11/08 14:18:34.44,144.22316642678155,274,18,18,19,21,21
2019/11/08 14:18:34.51,147.36755037634046,261,18,18,19,21,21
2019/11/08 14:18:34.51,150.00872287970904,240,18,18,19,21,21
2019/11/08 14:18:34.51,152.27523397929903,220,18,18,19,21,21
2019/11/08 14:18:34.66,154.2238503166434,203,18,19,19,21,21
2019/11/08 14:18:34.67,156.09102223213102,191,18,19,19,22,21
2019/11/08 14:18:34.67,157.61902464175952,174,18,19,19,22,21
2019/11/08 14:18:34.85,159.23166918684632,166,18,19,19,22,21
2019/11/08 14:18:34.93,161.00970236682977,160,18,19,19,22,21
2019/11/08 14:18:34.94,163.0931254669654,152,18,19,19,22,21
2019/11/08 14:18:34.94,165.17808513770106,147,18,19,19,22,21
2019/11/08 14:18:34.94,166.51972305331157,141,18,19,19,22,21
2019/11/08 14:18:34.94,167.35186183483407,136,18,19,19,22,21
2019/11/08 14:18:35.59,168.53433298504584,130,18,19,19,22,21
2019/11/08 14:18:35.59,169.93872766471296,125,18,19,19,21,21
2019/11/08 14:18:35.59,171.690249590087,122,18,19,19,21,21
2019/11/08 14:18:35.59,172.57369355404037,119,18,19,19,21,21
2019/11/08 14:18:35.59,172.54525883379023,115,18,19,19,22,21
2019/11/08 14:18:35.59,171.6419266526118,111,18,19,19,22,21
2019/11/08 14:18:35.59,170.66963452680247,105,18,19,19,22,21
2019/11/08 14:18:35.71,170.0858504299466,101,18,19,19,22,21
2019/11/08 14:18:35.71,170.16993449564376,97,18,19,19,22,21
2019/11/08 14:18:35.71,170.3792224092789,92,18,19,19,22,21
2019/11/08 14:18:35.71,170.6247720552335,89,18,19,18,22,21
2019/11/08 14:18:35.71,171.39873285758225,86,18,19,18,22,21
2019/11/08 14:18:35.71,171.63145318929338,85,18,19,18,22,21
2019/11/08 14:18:35.72,171.6595532695218,86,18,19,18,21,21
2019/11/08 14:18:35.72,171.72856418414108,86,18,19,18,21,21
2019/11/08 14:18:35.84,171.70902871360312,85,18,19,18,21,21
2019/11/08 14:18:35.84,171.65864035924935,83,18,19,18,21,21
2019/11/08 14:18:36.09,171.69715394638717,81,18,19,18,21,21
2019/11/08 14:18:36.09,172.023370608497,78,18,19,18,21,21
2019/11/08 14:18:36.18,171.64822212362716,77,18,19,18,21,21
2019/11/08 14:18:36.18,171.81538725527392,76,18,19,18,21,21
2019/11/08 14:18:36.18,171.7969790067028,75,18,18,18,21,21
2019/11/08 14:18:36.19,171.716097626757,77,18,18,18,21,21
2019/11/08 14:18:36.19,172.20389840373562,76,18,18,18,21,21
2019/11/08 14:18:36.50,172.3066426585113,81,18,18,18,21,21
2019/11/08 14:18:36.50,172.18679879074335,89,18,18,18,21,21
2019/11/08 14:18:36.50,172.3628572123691,99,18,18,19,21,21
2019/11/08 14:18:36.50,172.53682092838636,105,18,18,19,21,21
2019/11/08 14:18:36.60,171.3728476659274,109,18,18,19,21,21
2019/11/08 14:18:36.60,170.73546007315187,106,18,18,19,21,21
2019/11/08 14:18:36.60,169.65553226755785,101,18,18,19,21,21
2019/11/08 14:18:36.61,167.32068186080187,98,18,18,19,21,20
2019/11/08 14:18:36.67,164.441867922461,105,18,18,19,21,20
2019/11/08 14:18:36.67,161.0849392362391,121,18,18,19,21,21
2019/11/08 14:18:36.72,157.60650350482362,140,18,18,19,21,21
2019/11/08 14:18:36.92,154.06461031188582,151,18,18,20,21,21
2019/11/08 14:18:36.92,150.53808549949784,166,18,18,20,21,21
2019/11/08 14:18:36.92,146.3474918294903,178,18,18,20,21,21
2019/11/08 14:18:37.05,141.67757806846396,196,18,18,21,21,21
2019/11/08 14:18:37.05,137.84596711712214,220,18,18,21,21,21
2019/11/08 14:18:37.05,133.5708610082837,251,19,18,21,21,21
2019/11/08 14:18:37.13,129.6127936951109,293,19,18,21,21,20
2019/11/08 14:18:37.13,124.91379803845946,356,19,18,21,21,20
2019/11/08 14:18:37.27,119.31579125686552,408,19,18,21,21,20
2019/11/08 14:18:37.27,114.5738438814008,457,19,18,21,21,20
2019/11/08 14:18:37.33,110.0760758301653,496,19,18,20,19,20
2019/11/08 14:18:37.33,106.15874723586865,521,19,18,20,21,20
2019/11/08 14:18:37.43,102.51382256643674,539,19,18,20,21,20
2019/11/08 14:18:37.43,98.88093489789648,553,19,18,20,21,20
2019/11/08 14:18:37.56,95.77301954434186,562,18,18,20,20,20
2019/11/08 14:18:37.68,92.82216733810674,567,18,18,20,20,20
2019/11/08 14:18:37.68,89.8639148139252,574,18,18,19,20,20
2019/11/08 14:18:37.68,86.6005953966193,580,18,18,19,18,20
2019/11/08 14:18:37.77,83.14686951868624,582,18,18,19,18,20
2019/11/08 14:18:37.77,79.4292767033473,585,18,18,19,20,20
2019/11/08 14:18:37.77,76.15526086724671,589,18,18,19,20,20
2019/11/08 14:18:37.92,72.83159395872569,595,19,18,19,20,20
2019/11/08 14:18:38.16,69.64330156421114,596,19,18,19,20,19
2019/11/08 14:18:38.16,66.36955281361328,600,19,18,19,20,19
2019/11/08 14:18:38.16,62.94175038263286,601,19,18,19,20,19
2019/11/08 14:18:38.16,59.36680235211128,607,19,18,19,20,19
2019/11/08 14:18:38.21,55.61974686052562,607,19,18,19,20,19
2019/11/08 14:18:38.21,52.03957616250143,608,19,18,19,20,19
2019/11/08 14:18:38.21,48.51962925252234,611,19,18,19,19,18
2019/11/08 14:18:38.21,44.94661869419454,614,19,18,20,19,18
2019/11/08 14:18:38.41,41.4322278786481,612,19,18,20,19,18
2019/11/08 14:18:38.41,38.62833083376416,615,20,18,20,19,18
2019/11/08 14:18:38.41,36.610066190074,617,20,18,20,18,18
2019/11/08 14:18:38.46,34.777569352680345,621,20,18,21,18,18
2019/11/08 14:18:38.62,33.770341482543806,618,20,18,21,18,18
2019/11/08 14:18:38.62,33.346982142499726,620,20,18,21,18,18
2019/11/08 14:18:38.62,33.13617295201859,621,20,18,22,18,18
2019/11/08 14:18:38.62,32.562547005242045,623,20,18,22,18,18
2019/11/08 14:18:38.70,32.42148968699104,619,20,18,22,18,18
2019/11/08 14:18:38.70,32.16300656658674,619,20,18,21,18,18
2019/11/08 14:18:38.90,32.37415774256223,618,20,18,21,18,18
2019/11/08 14:18:38.90,32.84077118325406,621,20,18,21,18,18
2019/11/08 14:18:39.04,33.26276164304573,618,20,18,21,18,18
2019/11/08 14:18:39.04,33.13485301912747,617,20,18,21,18,18
2019/11/08 14:18:39.04,32.93143513530828,617,20,18,21,18,18
2019/11/08 14:18:39.40,33.011136971163126,619,20,18,21,18,18
2019/11/08 14:18:39.40,34.20406981747784,615,20,18,21,18,18
2019/11/08 14:18:39.40,35.41152036744323,615,20,18,21,18,18
2019/11/08 14:18:39.40,37.51693362904092,615,20,18,21,18,18
2019/11/08 14:18:39.41,40.288411202668435,646,20,18,21,18,18
2019/11/08 14:18:39.41,43.70134846883425,614,20,18,21,18,18
2019/11/08 14:18:39.41,46.94523816013291,611,20,18,21,18,18
2019/11/08 14:18:39.41,50.528232905341774,608,20,18,20,18,18
2019/11/08 14:18:39.61,54.34693703605867,610,20,18,20,18,18
2019/11/08 14:18:39.62,58.27867971067942,605,20,18,20,18,18
2019/11/08 14:18:39.62,61.74614056025403,602,19,18,20,18,18
2019/11/08 14:18:39.62,65.13975288232767,598,19,18,19,19,18
2019/11/08 14:18:39.68,68.43307482671202,598,19,18,19,19,19
2019/11/08 14:18:40.15,71.204961370727,591,19,18,19,19,19
2019/11/08 14:18:40.15,74.66043882186729,588,19,18,19,20,19
2019/11/08 14:18:40.15,78.15263635941471,584,19,18,19,18,19
2019/11/08 14:18:40.15,82.31243937707409,584,19,18,19,18,19
2019/11/08 14:18:40.15,87.13079343817226,575,19,18,19,18,19
2019/11/08 14:18:40.15,91.62677006147797,570,18,18,19,18,20
2019/11/08 14:18:40.15,95.38557819358583,564,18,18,19,18,20
2019/11/08 14:18:40.15,98.87320564562731,560,18,18,19,20,20
2019/11/08 14:18:40.15,102.55583928136438,548,18,18,19,20,20
2019/11/08 14:18:40.16,106.39445136718717,538,18,18,19,20,20
2019/11/08 14:18:40.16,110.51693139050008,529,18,18,19,20,20
2019/11/08 14:18:40.30,114.98075499476009,522,18,18,19,20,20
2019/11/08 14:18:40.44,120.76306920583528,504,18,18,19,21,21
2019/11/08 14:18:40.44,126.6711544469801,487,18,18,20,21,21
2019/11/08 14:18:40.44,131.95418376922532,462,18,18,20,21,21
2019/11/08 14:18:40.57,136.64599609372317,430,18,19,20,21,21
2019/11/08 14:18:40.57,141.20388112068062,375,18,19,20,21,21
2019/11/08 14:18:40.57,145.97620800703643,315,18,19,19,22,21
2019/11/08 14:18:40.57,150.66499010644208,269,18,19,19,22,21
2019/11/08 14:18:40.67,155.40936535709992,245,18,19,19,22,21
2019/11/08 14:18:40.78,159.63817091917167,217,18,19,19,21,21
2019/11/08 14:18:40.78,163.6220348990314,194,18,19,19,22,21
2019/11/08 14:18:40.95,167.0993542305095,177,18,19,19,22,21
2019/11/08 14:18:40.95,169.22811261945517,163,18,19,19,22,22
2019/11/08 14:18:40.95,169.8987043809872,151,18,19,19,22,22
2019/11/08 14:18:40.95,170.04198394462753,139,18,19,19,22,22
2019/11/08 14:18:41.05,169.9408406191341,128,18,19,19,22,22
2019/11/08 14:18:41.12,169.97873724015668,123,18,19,19,22,22
2019/11/08 14:18:41.12,169.8104992792724,116,18,19,19,22,21
2019/11/08 14:18:41.12,169.68087232484257,109,18,19,19,22,21
2019/11/08 14:18:41.17,169.55467063468575,105,18,19,19,22,21
2019/11/08 14:18:41.29,169.60522193362627,103,18,19,19,22,21
2019/11/08 14:18:41.29,169.5397688477304,100,18,19,19,22,21
2019/11/08 14:18:41.79,169.37970050815167,97,18,19,19,22,21
2019/11/08 14:18:41.79,169.3391929312205,96,18,19,19,22,21
2019/11/08 14:18:41.79,169.15326759290843,96,18,19,19,22,21
2019/11/08 14:18:41.79,169.1221486107729,93,18,19,18,22,21
2019/11/08 14:18:41.79,169.38652151673872,91,18,19,18,21,21
2019/11/08 14:18:41.79,171.35956191562107,91,18,19,18,21,21
2019/11/08 14:18:41.79,171.6448214995747,92,18,19,19,21,21
2019/11/08 14:18:41.80,171.50077859018,91,18,19,18,21,21
2019/11/08 14:18:41.80,172.41684471313778,90,18,19,18,21,21
2019/11/08 14:18:42.08,172.22372062152127,90,18,19,18,21,21
2019/11/08 14:18:42.08,171.80925763195592,91,18,19,19,21,21
2019/11/08 14:18:42.08,171.46174746997553,90,18,18,18,21,21
2019/11/08 14:18:42.08,172.4782207408736,89,18,18,18,21,21
2019/11/08 14:18:42.08,172.47415440338514,88,18,19,19,21,21
2019/11/08 14:18:42.22,172.02677614342778,89,18,19,19,21,21
2019/11/08 14:18:42.22,171.7738310600835,88,18,18,18,21,21
2019/11/08 14:18:42.22,171.8368855937992,87,18,19,18,21,21
2019/11/08 14:18:42.22,172.0380071306053,87,18,18,18,21,21
2019/11/08 14:18:42.27,172.10795406635063,87,18,19,19,21,21
2019/11/08 14:18:42.27,172.07327457245813,85,18,18,18,21,21
2019/11/08 14:18:42.45,172.01462850474556,84,18,18,18,21,21
2019/11/08 14:18:42.45,171.38247250817562,83,18,18,18,21,21
2019/11/08 14:18:42.45,171.64842292409878,84,18,19,19,21,21
2019/11/08 14:18:42.51,171.8755334249688,85,18,18,18,21,21
2019/11/08 14:18:42.51,170.62526054377696,88,18,18,18,21,21
2019/11/08 14:18:42.73,170.73580440245647,95,18,18,19,21,21
2019/11/08 14:18:42.73,170.36386343888876,99,18,19,19,21,21
2019/11/08 14:18:42.73,170.01916994609547,101,18,18,19,21,21
2019/11/08 14:18:42.73,169.61756523077787,101,18,18,19,21,21
2019/11/08 14:18:42.84,168.43288352785342,104,18,18,19,21,21
2019/11/08 14:18:42.84,166.34773823343585,109,18,19,19,21,21
2019/11/08 14:18:43.09,163.81371909317326,113,18,18,19,21,21
2019/11/08 14:18:43.09,161.69340172257427,124,18,18,19,21,21
2019/11/08 14:18:43.25,160.2980286773558,139,18,18,19,21,21
2019/11/08 14:18:43.25,159.05979057841884,153,18,18,19,21,21
2019/11/08 14:18:43.25,157.17358625789922,154,18,18,19,21,21
2019/11/08 14:18:43.25,154.79012772826837,158,18,18,19,21,21
2019/11/08 14:18:43.25,152.1326801005876,163,18,18,20,21,21
2019/11/08 14:18:43.37,149.27740803544043,176,18,18,20,21,21
2019/11/08 14:18:43.37,146.45537686319986,185,18,18,20,21,21
2019/11/08 14:18:43.37,143.47462246297076,203,18,18,20,21,21
2019/11/08 14:18:43.48,140.78342806856838,222,18,18,20,21,21
2019/11/08 14:18:43.48,137.71844172075959,250,18,18,20,21,21
2019/11/08 14:18:43.48,134.51953744336225,275,18,18,20,21,20
2019/11/08 14:18:43.66,130.45150539499048,314,18,18,20,21,20
2019/11/08 14:18:43.66,126.54433024921954,360,18,18,20,21,20
2019/11/08 14:18:43.80,122.28146962407489,412,19,18,20,21,20
2019/11/08 14:18:43.80,118.29916261284035,451,18,18,20,21,20
2019/11/08 14:18:43.80,113.85836800165191,486,18,18,20,19,20
2019/11/08 14:18:43.80,109.33379202821894,514,18,18,20,19,20
2019/11/08 14:18:43.99,104.24959790963919,539,18,18,20,21,20
2019/11/08 14:18:43.99,99.73278279623449,547,18,18,20,21,20
2019/11/08 14:18:43.99,95.06250614293165,560,18,18,20,21,20
2019/11/08 14:18:43.99,90.91471915460662,570,18,18,20,18,20
2019/11/08 14:18:44.07,86.90402773934694,587,18,18,20,18,20
2019/11/08 14:18:44.07,82.38093556857054,583,18,18,19,18,20
2019/11/08 14:18:44.34,78.32311949850984,588,18,18,19,18,20
2019/11/08 14:18:44.34,74.32004804474978,592,18,18,19,18,20
2019/11/08 14:18:44.34,70.15448190693658,603,19,18,19,18,20
2019/11/08 14:18:44.34,66.1372006573819,598,19,18,19,18,19
2019/11/08 14:18:44.49,62.34043118027096,603,19,18,19,18,19
2019/11/08 14:18:44.49,58.595406449258576,605,19,18,19,18,19
2019/11/08 14:18:44.59,54.64960979812051,617,19,18,20,18,19
2019/11/08 14:18:44.60,50.25924421482887,610,19,18,20,18,19
2019/11/08 14:18:44.60,46.96371113484598,611,19,18,20,18,18
2019/11/08 14:18:44.60,43.57748620632854,612,19,18,20,18,18
2019/11/08 14:18:44.68,39.839113318716265,623,19,18,20,18,18
2019/11/08 14:18:44.68,35.61814659314967,616,19,18,20,18,18
2019/11/08 14:18:44.75,33.272190811626416,617,19,18,20,18,18
2019/11/08 14:18:44.76,31.905345677528995,620,20,18,20,18,18
2019/11/08 14:18:44.87,30.48590809185071,631,20,18,21,18,18
2019/11/08 14:18:44.87,30.5909215319535,621,20,18,21,18,18
2019/11/08 14:18:45.01,30.989393502159036,621,20,18,21,18,18
2019/11/08 14:18:45.01,31.076141622072786,621,20,18,21,18,18
2019/11/08 14:18:45.15,31.056711059247043,630,20,18,21,18,18
2019/11/08 14:18:45.15,31.0574474745712,620,20,18,21,18,18
2019/11/08 14:18:45.16,30.565645250883424,619,20,18,21,18,18
2019/11/08 14:18:45.16,30.342143580679583,619,19,18,21,18,18
2019/11/08 14:18:45.27,30.538011483682272,628,20,18,21,18,18
2019/11/08 14:18:45.27,31.416831503081838,619,20,18,21,18,18
2019/11/08 14:18:45.40,33.33141079761879,618,20,18,20,18,18
2019/11/08 14:18:45.40,36.474031837496284,617,20,18,20,18,18
2019/11/08 14:18:45.46,40.63035070923481,626,20,18,21,18,18
2019/11/08 14:18:45.46,45.58343502126884,613,20,18,21,18,18
2019/11/08 14:18:45.59,51.30466649671905,610,20,18,21,18,18
2019/11/08 14:18:45.59,57.465464179386174,606,20,18,20,18,18
2019/11/08 14:18:45.67,63.231556073861164,612,20,18,20,18,18
2019/11/08 14:18:45.73,69.21714856941436,598,19,18,20,18,19
2019/11/08 14:18:45.73,75.06162269270334,594,19,18,20,18,19
2019/11/08 14:18:45.73,80.89591461556581,588,19,18,20,18,19
2019/11/08 14:18:46.10,87.04913786436751,591,19,18,20,20,20
2019/11/08 14:18:46.10,93.67401693386503,575,18,18,20,20,20
2019/11/08 14:18:46.10,100.42038144804214,565,18,18,20,20,20
2019/11/08 14:18:46.24,107.26334546124359,557,18,18,20,20,20
2019/11/08 14:18:46.25,113.49775751402261,549,18,18,20,21,20
2019/11/08 14:18:46.25,119.2297633074117,521,18,18,20,21,21
2019/11/08 14:18:46.25,123.9594970158926,495,18,18,20,21,21
2019/11/08 14:18:46.25,129.22787137992268,464,18,18,20,21,21
2019/11/08 14:18:46.25,134.14307038378104,434,18,19,20,21,21
2019/11/08 14:18:46.35,139.11544144312992,377,18,18,20,21,21
2019/11/08 14:18:46.35,143.7611089072635,322,18,19,20,22,21
2019/11/08 14:18:46.36,148.8916806627043,277,18,19,20,22,21
2019/11/08 14:18:46.81,153.66132487176975,245,18,19,20,22,22
2019/11/08 14:18:46.81,159.91053241443979,214,18,19,19,22,22
2019/11/08 14:18:46.81,165.37784377153815,190,18,19,19,22,21
2019/11/08 14:18:46.81,169.1868788542842,171,18,19,19,22,21
2019/11/08 14:18:47.10,171.00075810178174,157,18,19,19,22,22
2019/11/08 14:18:47.10,171.1693946615476,144,18,19,19,22,22
2019/11/08 14:18:47.10,171.16413362094843,130,18,19,19,22,22
2019/11/08 14:18:47.10,172.0517108592488,120,18,19,19,22,22
2019/11/08 14:18:47.10,171.9616932311552,113,18,19,19,22,22
2019/11/08 14:18:47.10,171.7782381391169,105,18,19,19,22,21
2019/11/08 14:18:47.10,171.45296508850979,102,18,19,19,22,21
2019/11/08 14:18:47.10,171.54496376555718,99,18,19,19,22,21
2019/11/08 14:18:47.15,171.54896288651128,98,18,19,19,22,21
2019/11/08 14:18:47.15,171.66097541827915,94,18,19,19,22,21
2019/11/08 14:18:47.15,171.65573321495987,91,18,19,19,22,21
2019/11/08 14:18:47.16,171.73799316471474,90,18,19,19,22,21
2019/11/08 14:18:47.29,171.95831357698395,91,18,19,19,22,21
2019/11/08 14:18:47.29,172.0249767024462,89,18,19,19,22,21
2019/11/08 14:18:47.29,172.1172541843385,91,18,19,19,22,21
2019/11/08 14:18:47.77,171.34456197174927,98,18,18,19,21,21
2019/11/08 14:18:47.77,171.185090999938,105,18,19,19,22,21
2019/11/08 14:18:47.77,170.93744054227082,104,18,18,19,21,21
2019/11/08 14:18:47.77,170.53424922017462,104,18,18,19,21,21
2019/11/08 14:18:47.78,169.69544293275078,108,18,18,19,21,21
2019/11/08 14:18:47.78,169.5200803573852,112,18,19,19,21,21
2019/11/08 14:18:47.78,169.62619208858047,111,18,18,19,21,21
2019/11/08 14:18:47.78,171.14577961003266,109,18,18,19,21,21
2019/11/08 14:18:47.78,171.28263566413264,105,18,18,19,21,21
2019/11/08 14:18:48.15,171.0514757035513,102,18,19,19,21,21
2019/11/08 14:18:48.16,170.579350757501,98,18,18,19,21,20
2019/11/08 14:18:48.16,170.21633433157484,97,18,18,19,21,20
2019/11/08 14:18:48.16,168.41131380437824,97,18,18,19,21,20
2019/11/08 14:18:48.27,166.1125631804742,106,18,19,19,21,20
2019/11/08 14:18:48.28,162.17459368730863,112,18,18,19,21,21
2019/11/08 14:18:48.28,159.5822619504658,127,18,18,19,21,21
2019/11/08 14:18:48.28,156.04639001665797,146,18,18,19,21,21
2019/11/08 14:18:48.28,153.6620421766965,168,18,19,20,21,21
2019/11/08 14:18:48.47,152.2486129639534,172,18,18,20,21,21
2019/11/08 14:18:48.47,149.68850034353753,181,18,18,20,21,21
2019/11/08 14:18:48.47,146.78230637686613,188,18,18,20,21,21
2019/11/08 14:18:48.60,143.34525051915153,206,18,18,20,21,21
2019/11/08 14:18:48.60,140.00002403299797,217,18,18,20,21,21
2019/11/08 14:18:48.60,136.2548155725683,242,18,18,21,21,21
2019/11/08 14:18:48.60,132.96370469053932,270,18,18,21,21,21
2019/11/08 14:18:48.65,129.81452502839232,325,18,18,21,21,21
2019/11/08 14:18:48.99,125.98302835230434,361,18,18,21,21,21
2019/11/08 14:18:48.99,121.8145955087213,411,18,18,21,21,20
2019/11/08 14:18:49.00,117.73900591857833,454,18,18,21,21,20
2019/11/08 14:18:49.16,113.79024077822852,508,18,18,20,19,20
2019/11/08 14:18:49.16,110.24140563736057,516,18,18,20,19,20
2019/11/08 14:18:49.16,106.83013411040753,533,18,18,20,19,20
2019/11/08 14:18:49.16,103.55534998812031,544,18,18,20,21,20
2019/11/08 14:18:49.16,99.69886582871575,576,18,18,20,21,20
2019/11/08 14:18:49.17,95.40745731763228,564,18,18,20,20,20
2019/11/08 14:18:49.17,90.6462882084586,573,18,18,20,18,20
2019/11/08 14:18:49.26,85.81877416413192,579,18,18,20,18,20
2019/11/08 14:18:49.26,81.36734483394933,609,18,18,20,18,20
2019/11/08 14:18:49.44,77.35952241119486,589,18,18,20,19,20
2019/11/08 14:18:49.44,73.53095743625242,593,18,18,19,18,20
2019/11/08 14:18:49.52,69.83560459611364,596,18,18,19,18,20
2019/11/08 14:18:49.52,66.06384476094354,624,18,18,19,20,19
2019/11/08 14:18:49.52,62.15271583733715,603,18,18,19,20,19
2019/11/08 14:18:49.52,58.77431380766342,607,19,18,19,20,19
2019/11/08 14:18:49.58,54.91829278058697,608,19,18,19,20,19
2019/11/08 14:18:49.95,51.24439715813319,632,19,18,20,20,19
2019/11/08 14:18:49.95,47.99149061229149,612,19,18,20,18,18
2019/11/08 14:18:50.09,44.98109949223198,613,19,18,20,18,18
2019/11/08 14:18:50.09,41.785767840498224,614,19,18,20,18,18
2019/11/08 14:18:50.09,38.510692431043395,637,20,18,20,18,18
2019/11/08 14:18:50.09,35.225649161621895,616,19,18,21,18,18
2019/11/08 14:18:50.09,33.28523614439824,618,19,18,21,18,18
2019/11/08 14:18:50.09,32.06753843817832,620,19,18,22,18,18
2019/11/08 14:18:50.09,32.20322746059262,639,20,18,22,18,18
2019/11/08 14:18:50.09,32.895968704617424,620,20,18,22,18,18
2019/11/08 14:18:50.58,33.24286585943106,619,20,18,22,18,18
2019/11/08 14:18:50.58,32.831114969662224,619,20,18,22,18,18
2019/11/08 14:18:50.58,32.67298904068172,635,20,18,22,18,18
2019/11/08 14:18:50.58,33.18786071328802,617,20,18,22,18,18
2019/11/08 14:18:50.58,33.66850488546424,617,20,18,22,18,18
2019/11/08 14:18:50.58,34.614784169374744,617,20,18,22,18,18
2019/11/08 14:18:50.58,36.33473781880767,633,20,18,22,18,18
2019/11/08 14:18:50.58,39.195905583187326,616,20,18,22,18,18
2019/11/08 14:18:50.59,42.99431455509691,613,20,18,22,18,18
2019/11/08 14:18:50.59,47.971115220455765,612,20,18,21,18,18
2019/11/08 14:18:50.98,53.757479564755485,622,20,18,21,18,18
2019/11/08 14:18:50.99,60.22486970245218,606,19,18,20,18,18
2019/11/08 14:18:50.99,66.5487124086089,601,19,18,20,18,18
2019/11/08 14:18:50.99,72.44965601585083,596,19,18,20,18,19
2019/11/08 14:18:50.99,78.38824775789767,598,19,18,20,18,19
2019/11/08 14:18:50.99,84.00016519911247,583,18,18,19,18,19
2019/11/08 14:18:50.99,90.32567230754793,575,18,18,20,18,20
2019/11/08 14:18:50.99,96.10135676436066,565,18,18,19,18,20
2019/11/08 14:18:51.22,102.5988784410349,561,18,19,19,20,20
2019/11/08 14:18:51.22,108.93984579420766,543,18,18,19,20,20
2019/11/08 14:18:51.44,115.33289377066052,527,18,18,20,21,21
2019/11/08 14:18:51.44,121.4931267658392,508,18,18,20,21,21
2019/11/08 14:18:51.44,128.1207372980618,483,18,19,20,21,21
2019/11/08 14:18:51.44,134.42880310015357,444,18,18,20,21,21
2019/11/08 14:18:51.44,140.09444354569047,388,18,18,20,22,21
2019/11/08 14:18:51.44,145.0326090824221,315,18,19,19,22,22
2019/11/08 14:18:51.59,149.26829334651552,254,18,19,19,22,22
2019/11/08 14:18:51.59,153.72523188760846,216,18,19,19,22,22
2019/11/08 14:18:51.59,158.22652305502695,186,18,19,19,22,22
2019/11/08 14:18:51.59,163.39945308608634,172,18,19,19,22,22
2019/11/08 14:18:51.70,168.34390971833307,157,18,19,19,22,22
2019/11/08 14:18:51.70,171.36501263876025,145,18,19,19,22,22
2019/11/08 14:18:51.78,170.93503054355122,133,18,19,19,22,22
2019/11/08 14:18:51.78,170.45744555110815,123,18,19,19,22,22
2019/11/08 14:18:51.87,170.2548400014282,114,17,19,19,22,22
2019/11/08 14:18:51.87,170.06694654871765,107,18,19,19,22,22
2019/11/08 14:18:51.96,170.11363905798908,102,18,19,19,22,21
2019/11/08 14:18:52.10,170.13614443192554,96,18,19,19,22,21
2019/11/08 14:18:52.10,170.18540929369527,93,17,19,19,22,21
2019/11/08 14:18:52.10,170.29857878181517,91,18,19,18,22,21
2019/11/08 14:18:52.10,170.08242151200722,90,18,19,18,22,21
2019/11/08 14:18:52.22,170.11623384387394,87,18,19,18,22,21
2019/11/08 14:18:52.35,169.98948582207274,85,17,19,19,21,21
2019/11/08 14:18:52.35,170.5580447111663,83,18,19,18,22,21
2019/11/08 14:18:52.35,170.2164102856273,81,18,19,18,21,21
2019/11/08 14:18:52.54,169.72604594916902,80,18,19,18,21,21
2019/11/08 14:18:52.54,170.22472935575618,80,18,18,18,21,21
2019/11/08 14:18:52.69,170.4685398124889,79,18,19,18,21,21
2019/11/08 14:18:52.70,170.59876241161567,78,18,19,18,21,21
2019/11/08 14:18:52.70,170.50110152738847,77,18,19,18,21,21
2019/11/08 14:18:52.70,170.18363352332025,76,18,18,18,21,21
2019/11/08 14:18:52.70,170.524745252446,75,18,19,18,21,21
2019/11/08 14:18:52.76,170.8617040876348,76,18,19,18,21,21
2019/11/08 14:18:52.76,171.37764523199354,74,18,19,18,21,21
2019/11/08 14:18:52.93,172.16125784062035,77,18,18,18,21,21
2019/11/08 14:18:53.05,170.49752046129288,83,18,19,19,21,21
2019/11/08 14:18:53.06,166.9979888464113,97,18,18,19,21,21
2019/11/08 14:18:53.06,163.0911177446716,113,18,18,19,21,21
2019/11/08 14:18:53.23,160.20374148521614,129,18,18,19,22,21
2019/11/08 14:18:53.23,156.53557471449062,144,18,18,20,21,21
2019/11/08 14:18:53.23,153.01812134809632,159,18,18,20,21,21
2019/11/08 14:18:53.23,149.79738548588116,167,18,18,20,21,21
2019/11/08 14:18:53.33,145.14651001225252,176,18,18,20,22,21
2019/11/08 14:18:53.33,141.57310833231676,194,18,18,21,21,21
2019/11/08 14:18:53.41,137.2479938313947,216,18,18,21,21,21
2019/11/08 14:18:53.42,133.95748574078638,249,18,18,21,21,21
2019/11/08 14:18:53.81,129.8565276139059,292,18,18,21,21,21
2019/11/08 14:18:53.81,125.2842665432936,346,18,18,21,21,21
2019/11/08 14:18:53.81,120.95280706695341,404,18,18,21,21,21
2019/11/08 14:18:53.82,116.40440027329889,453,18,18,21,19,21
2019/11/08 14:18:53.82,111.82625368229913,494,18,18,20,19,21
2019/11/08 14:18:53.82,106.9366086990677,523,18,18,21,19,20
2019/11/08 14:18:53.82,102.08182003815932,541,18,18,20,21,20
2019/11/08 14:18:53.82,97.08716043991386,555,18,18,20,19,20
2019/11/08 14:18:53.90,91.84886189853702,565,18,18,20,19,20
2019/11/08 14:18:53.90,86.48807286929603,575,18,18,20,18,20
2019/11/08 14:18:53.99,81.62272122186579,582,18,18,20,18,20
2019/11/08 14:18:53.99,76.28498420998874,588,18,18,20,18,20
2019/11/08 14:18:54.12,70.39532174919844,593,18,18,19,18,20
2019/11/08 14:18:54.18,64.69117992607295,597,18,18,20,18,20
2019/11/08 14:18:54.19,58.59073405554796,601,18,18,20,18,19
2019/11/08 14:18:54.19,52.7394682101526,606,18,18,20,18,19
2019/11/08 14:18:54.25,47.40532527919405,610,19,18,19,18,19
2019/11/08 14:18:54.33,41.90400829369703,612,19,18,20,20,19
2019/11/08 14:18:54.39,36.26215312842882,616,19,18,20,18,18
2019/11/08 14:18:54.39,33.62950798052233,619,19,18,20,18,18
2019/11/08 14:18:54.44,32.907032193319566,621,19,18,20,18,18
2019/11/08 14:18:54.51,33.011624075939984,621,19,18,20,18,17
2019/11/08 14:18:54.51,33.173270729497936,620,19,18,20,18,17
2019/11/08 14:18:54.72,33.10690168907961,619,19,18,20,18,17
2019/11/08 14:18:54.94,32.96425492270787,620,19,18,20,18,17
2019/11/08 14:18:54.94,32.90240430774576,618,19,18,20,18,17
2019/11/08 14:18:54.94,32.995908813027185,618,19,18,20,18,17
2019/11/08 14:18:54.94,33.50100883763313,617,19,18,20,18,17
2019/11/08 14:18:54.94,33.92930210685943,619,19,18,20,17,17
2019/11/08 14:18:54.94,34.76115142188208,617,19,18,20,18,17
2019/11/08 14:18:54.94,36.47652363014499,616,19,18,20,18,17
2019/11/08 14:18:55.34,39.53071857332863,617,19,18,20,18,18
2019/11/08 14:18:55.34,44.201355651815696,615,20,18,20,17,18
2019/11/08 14:18:55.34,49.276739263142076,611,20,18,20,18,18
2019/11/08 14:18:55.34,55.016123932954365,608,20,18,20,18,18
2019/11/08 14:18:55.34,61.14903961633061,605,19,18,20,18,18
2019/11/08 14:18:55.34,67.25122718854118,601,19,18,20,17,19
2019/11/08 14:18:55.34,73.28451891333779,594,19,18,20,18,19
2019/11/08 14:18:55.34,78.77049011217984,588,18,18,20,18,19
2019/11/08 14:18:55.55,83.1888354945855,582,18,18,20,18,20
2019/11/08 14:18:55.55,87.47789317124689,574,18,18,19,18,20
2019/11/08 14:18:55.66,91.85862673403145,564,18,18,20,20,20
2019/11/08 14:18:55.66,95.88924598247459,557,18,18,20,20,20
2019/11/08 14:18:55.66,99.91521506372926,549,18,18,20,20,20
2019/11/08 14:18:55.89,104.49216358318301,539,18,18,20,20,20
2019/11/08 14:18:55.89,108.80162550427721,528,18,18,20,20,20
2019/11/08 14:18:55.89,113.4165812710786,514,18,18,20,20,21
2019/11/08 14:18:56.05,118.51069891134543,499,18,18,20,21,21
2019/11/08 14:18:56.05,123.0407179491074,481,18,18,20,21,21
2019/11/08 14:18:56.05,127.579736245975,452,18,18,20,21,21
2019/11/08 14:18:56.05,131.41563378481723,414,18,18,20,21,21
2019/11/08 14:18:56.05,135.25715809288528,367,18,19,20,21,21
2019/11/08 14:18:56.18,138.60455208578304,322,18,19,20,21,21
2019/11/08 14:18:56.18,142.60246706668562,278,18,19,19,20,21
2019/11/08 14:18:56.18,146.76371156679014,246,18,18,19,22,21
2019/11/08 14:18:56.18,151.12568025004907,220,18,19,19,22,21
2019/11/08 14:18:56.25,155.81738915983644,197,18,19,19,22,21
2019/11/08 14:18:56.76,160.2860234827037,178,18,19,19,22,21
2019/11/08 14:18:56.76,164.9813182486922,161,18,19,19,22,21
2019/11/08 14:18:56.76,169.184538891548,149,18,19,19,22,21
2019/11/08 14:18:56.76,171.87244659566912,142,18,19,19,22,21
2019/11/08 14:18:56.76,172.01539518146393,131,18,19,19,22,22
2019/11/08 14:18:56.76,172.00107095014127,124,18,19,19,22,21
2019/11/08 14:18:56.76,172.04451625510373,118,18,19,19,22,21
2019/11/08 14:18:56.76,170.02095995245026,111,18,19,19,22,21
2019/11/08 14:18:56.76,170.5996580528139,106,18,19,19,22,21
2019/11/08 14:18:56.77,170.81676082582513,102,18,19,19,22,21
2019/11/08 14:18:56.98,169.44990104011316,100,18,19,19,22,21
2019/11/08 14:18:56.98,172.30128114795897,98,18,19,19,22,21
2019/11/08 14:18:56.98,170.77015353593794,95,18,19,19,22,21
2019/11/08 14:18:56.99,170.79125643197688,93,18,19,19,21,21
2019/11/08 14:18:56.99,170.89066247608872,91,18,19,18,21,21
2019/11/08 14:18:57.56,171.0266438872619,90,18,19,19,21,21
2019/11/08 14:18:57.56,171.1363035450102,89,18,19,18,21,21
2019/11/08 14:18:57.56,170.5779056909805,88,18,18,18,21,21
2019/11/08 14:18:57.56,170.59794136676007,87,18,19,18,21,21
2019/11/08 14:18:57.56,170.74679219029443,87,18,19,18,21,21
2019/11/08 14:18:57.56,170.7911831770522,87,18,18,18,21,21
2019/11/08 14:18:57.56,170.97997557837962,86,18,18,18,21,21
2019/11/08 14:18:57.56,171.09088468767948,86,18,18,18,21,21
2019/11/08 14:18:57.56,171.12361796131364,85,18,18,18,21,21
2019/11/08 14:18:57.56,171.78734349294717,84,18,18,18,21,21
2019/11/08 14:18:57.56,171.1758246473118,84,18,18,19,21,21
2019/11/08 14:18:57.65,170.79890263525357,83,18,18,19,21,21
2019/11/08 14:18:57.65,170.7221518609369,85,18,18,19,21,21
2019/11/08 14:18:57.75,170.48962881635572,89,18,18,19,21,21
2019/11/08 14:18:57.75,169.96165433281718,92,18,18,19,21,21
2019/11/08 14:18:57.92,169.31850078335648,98,18,18,19,21,21
2019/11/08 14:18:57.92,168.6010953036423,105,18,18,19,21,21
2019/11/08 14:18:58.11,167.8891666302449,110,18,18,19,21,21
2019/11/08 14:18:58.11,166.9824411085682,114,18,18,19,21,21
2019/11/08 14:18:58.11,165.39157517942883,117,18,18,19,21,21
2019/11/08 14:18:58.11,161.92515049725478,122,18,18,19,21,21
2019/11/08 14:18:58.23,156.51460456714892,134,18,18,19,21,21
2019/11/08 14:18:58.23,149.50799208946967,151,18,18,19,21,21
2019/11/08 14:18:58.23,141.55909070848793,169,18,18,20,21,21
2019/11/08 14:18:58.24,134.26327218290493,203,18,18,21,21,21
2019/11/08 14:18:58.54,126.60297902840183,253,18,18,21,21,21
2019/11/08 14:18:58.54,118.98038991808758,345,18,18,21,21,21
2019/11/08 14:18:58.54,112.18360770100158,440,18,18,21,19,21
2019/11/08 14:18:58.54,106.60779744825881,509,18,18,20,19,21
2019/11/08 14:18:58.54,101.272484552547,538,18,18,20,21,21
2019/11/08 14:18:58.54,95.63706377120668,553,18,18,20,19,20
2019/11/08 14:18:58.60,89.67509147926434,568,18,18,20,18,20
2019/11/08 14:18:58.60,84.2991747222069,582,18,18,20,18,20
2019/11/08 14:18:58.78,79.08975738393151,586,18,18,20,18,20
2019/11/08 14:18:58.78,73.67075213951925,592,18,18,19,18,20
2019/11/08 14:18:58.78,68.92710589727879,597,18,18,19,18,20
2019/11/08 14:18:58.78,64.438991161193,605,19,18,19,18,20
2019/11/08 14:18:58.92,59.85148953825304,605,19,18,19,18,19
2019/11/08 14:18:58.92,55.363680538689074,608,19,18,19,18,19
2019/11/08 14:18:58.99,49.97757667946178,612,19,18,19,18,19
2019/11/08 14:18:58.99,43.86734634517653,618,19,18,19,18,18
2019/11/08 14:18:59.11,37.77373542584058,616,19,18,19,18,18
2019/11/08 14:18:59.58,33.79165404836162,618,19,18,20,18,18
2019/11/08 14:18:59.58,32.30878562575207,621,19,18,20,18,18
2019/11/08 14:18:59.58,32.25515314597299,628,20,18,21,18,18
2019/11/08 14:18:59.58,32.25945215189403,623,20,18,21,18,18
2019/11/08 14:18:59.58,32.05038755333176,622,19,18,21,18,18
2019/11/08 14:18:59.58,31.963155285566902,622,19,18,20,18,17
2019/11/08 14:18:59.58,32.03870195282788,626,20,18,20,18,17
2019/11/08 14:18:59.58,31.694423863750025,621,19,18,20,18,17
2019/11/08 14:18:59.58,32.07089801329331,620,19,18,20,18,17
2019/11/08 14:18:59.58,31.593528371707016,620,19,18,20,18,17
2019/11/08 14:18:59.88,31.541745574547544,624,19,18,20,18,17
2019/11/08 14:18:59.88,31.582109385487406,619,19,18,20,18,17
2019/11/08 14:18:59.88,31.668110997303245,619,19,18,20,18,17
2019/11/08 14:18:59.88,32.18670914780837,619,19,18,20,18,17
2019/11/08 14:18:59.88,33.67034657409934,624,19,18,20,18,18
2019/11/08 14:18:59.89,36.20742535130478,619,19,18,20,18,17
2019/11/08 14:18:59.97,39.45191966532434,618,20,18,20,18,18
2019/11/08 14:18:59.97,43.3874293450024,615,20,18,20,18,18
2019/11/08 14:19:00.08,47.769011221725165,616,20,18,20,18,18
2019/11/08 14:19:00.17,53.109709142103725,608,19,18,20,18,18
2019/11/08 14:19:00.17,59.9768187328728,604,19,18,20,18,18
2019/11/08 14:19:00.17,67.62749889392892,601,19,18,20,18,19
2019/11/08 14:19:00.24,75.5078196158588,600,19,18,20,18,19
2019/11/08 14:19:00.34,82.80464560098581,587,18,18,20,18,20
2019/11/08 14:19:00.34,89.66709415270665,580,18,18,20,18,20
2019/11/08 14:19:00.45,95.92200920331325,570,18,18,20,18,20
2019/11/08 14:19:00.45,101.18744261606061,562,18,18,20,20,21
2019/11/08 14:19:00.55,106.34946692388701,544,18,18,20,21,20
2019/11/08 14:19:00.55,110.73384210577133,528,18,18,20,21,21
2019/11/08 14:19:00.74,115.218638351808,514,18,18,20,21,21
2019/11/08 14:19:00.74,119.74666348697863,500,18,18,20,21,21
2019/11/08 14:19:00.74,124.47084941047319,473,18,18,20,21,21
2019/11/08 14:19:00.75,129.3709436862414,444,18,18,20,21,21
2019/11/08 14:19:00.80,133.9223033538369,407,18,18,20,21,21
2019/11/08 14:19:00.80,138.3581786061997,359,18,19,20,22,22
2019/11/08 14:19:00.88,142.7884639716374,306,18,19,20,22,22
2019/11/08 14:19:00.95,145.46630844598664,265,18,19,20,22,22
2019/11/08 14:19:01.06,148.59001632125256,238,18,19,19,22,21
2019/11/08 14:19:01.06,151.55125575521288,219,18,19,19,22,22
2019/11/08 14:19:01.07,154.2610033886974,201,18,19,19,22,21
2019/11/08 14:19:01.38,157.03332112987442,186,18,19,19,22,21
2019/11/08 14:19:01.38,159.60056181606194,172,18,19,19,22,21
2019/11/08 14:19:01.38,162.92079872118987,162,18,19,19,22,21
2019/11/08 14:19:01.38,166.41237611490433,150,18,19,19,22,21
2019/11/08 14:19:01.38,169.68382204421803,141,18,19,19,22,21
2019/11/08 14:19:01.38,171.09911148759684,135,18,19,19,22,21
2019/11/08 14:19:01.38,171.32342757592792,129,18,19,19,22,21
2019/11/08 14:19:01.47,171.72140984115384,121,18,19,19,22,21
2019/11/08 14:19:01.62,171.70605345520283,112,18,19,19,22,21
2019/11/08 14:19:01.62,171.89532843723896,107,18,19,19,22,21
2019/11/08 14:19:01.62,171.98235512090622,104,18,19,19,22,21
2019/11/08 14:19:01.68,171.90264627877997,103,18,19,19,22,21
2019/11/08 14:19:01.91,171.76413944058058,100,18,19,19,22,21
2019/11/08 14:19:01.91,171.42159105103252,98,18,19,19,22,21
2019/11/08 14:19:01.91,171.1937118520061,95,18,19,19,22,21
2019/11/08 14:19:02.15,170.87766279759958,94,18,19,19,22,21
2019/11/08 14:19:02.15,170.67211253475034,91,18,19,19,22,21
2019/11/08 14:19:02.15,170.52851827655297,89,18,19,19,21,21
2019/11/08 14:19:02.15,170.60022465265217,86,18,19,19,22,21
2019/11/08 14:19:02.15,170.60201971737507,84,18,19,19,22,21
2019/11/08 14:19:02.31,170.61561725473825,82,18,19,19,21,21
2019/11/08 14:19:02.31,170.64646345988425,80,18,19,18,21,21
2019/11/08 14:19:02.31,170.5951529500009,79,18,19,19,22,21
2019/11/08 14:19:02.31,171.5463666779541,78,18,19,18,21,21
2019/11/08 14:19:02.72,171.53683092067348,77,18,19,18,21,21
2019/11/08 14:19:02.72,171.37382965443436,77,18,19,18,21,21
2019/11/08 14:19:02.80,170.88464752590585,76,18,19,19,21,21
2019/11/08 14:19:02.80,170.90230344486125,76,18,18,18,21,21
2019/11/08 14:19:02.80,170.6073685908241,75,18,18,18,21,21
2019/11/08 14:19:02.80,171.28322883358075,74,18,18,18,21,21
2019/11/08 14:19:02.80,171.1562586934297,74,18,18,18,21,21
2019/11/08 14:19:02.80,171.1130556659872,73,18,18,18,21,21
2019/11/08 14:19:02.81,171.1012287425608,72,18,18,18,21,21
2019/11/08 14:19:02.81,171.22915803995875,72,18,18,18,21,21
2019/11/08 14:19:02.81,171.13379579958675,71,18,18,18,21,21
2019/11/08 14:19:03.23,170.44470245838326,70,18,18,18,21,21
2019/11/08 14:19:03.23,170.42739149319948,69,18,18,18,21,21
2019/11/08 14:19:03.23,170.3832178515581,69,18,19,18,21,21
2019/11/08 14:19:03.23,170.3881461190157,68,18,18,18,21,21
2019/11/08 14:19:03.24,170.43052619820327,68,18,18,18,21,21
2019/11/08 14:19:03.24,170.38389739272418,67,18,18,18,21,21
2019/11/08 14:19:03.24,170.44760555270193,66,18,18,18,21,21
2019/11/08 14:19:03.24,170.45408567968732,65,18,18,18,21,21
2019/11/08 14:19:03.65,170.49872650045202,65,18,18,18,21,21
2019/11/08 14:19:03.82,170.5229869771225,65,18,18,18,21,20
2019/11/08 14:19:03.82,170.64279797418064,64,18,18,18,21,21
2019/11/08 14:19:03.82,170.70068748948793,64,18,18,18,21,21
2019/11/08 14:19:03.82,170.77512123225068,63,18,18,18,21,20
2019/11/08 14:19:03.82,170.77625553179263,63,18,18,18,21,20
2019/11/08 14:19:03.82,171.5835179812982,63,18,18,18,21,20
2019/11/08 14:19:03.83,172.02011909488402,62,18,18,18,21,20
2019/11/08 14:19:03.83,172.28160312233427,64,18,18,18,21,20
2019/11/08 14:19:03.83,172.26989487691972,68,18,18,18,21,20
2019/11/08 14:19:03.83,171.88779401676635,71,18,18,18,21,20
2019/11/08 14:19:03.83,170.96076191657502,69,18,18,18,21,20
2019/11/08 14:19:03.95,170.83118954663334,64,18,18,18,21,20
2019/11/08 14:19:03.95,171.39518485528933,61,18,18,18,21,20
2019/11/08 14:19:03.95,171.63999854340605,60,18,18,18,21,20
2019/11/08 14:19:04.02,171.60026488146585,58,18,18,18,21,20
2019/11/08 14:19:04.18,171.8287897161485,58,18,18,18,21,20
2019/11/08 14:19:04.18,171.88056778862392,58,18,18,18,21,20
2019/11/08 14:19:04.19,171.9978242550943,58,18,18,18,21,20
2019/11/08 14:19:04.19,172.16291805423432,58,18,18,18,21,20
2019/11/08 14:19:04.27,172.1501488358067,58,18,18,18,21,20
2019/11/08 14:19:04.34,172.30726463489694,58,18,18,18,21,20
2019/11/08 14:19:04.34,172.48789017127962,57,18,18,18,21,20
2019/11/08 14:19:04.52,172.47932832481786,58,18,18,18,21,20
2019/11/08 14:19:04.52,172.5452313914533,60,18,18,18,21,20
2019/11/08 14:19:04.52,172.46911943889555,61,18,18,18,21,20
2019/11/08 14:19:04.57,172.4325914590373,60,18,18,18,21,20
2019/11/08 14:19:04.81,172.79035921798211,59,18,18,18,21,20
2019/11/08 14:19:04.81,172.49048729216346,59,18,18,18,21,20
2019/11/08 14:19:04.81,172.3506019960805,61,18,18,18,21,20
2019/11/08 14:19:04.81,172.21303261892746,61,18,18,18,21,20
2019/11/08 14:19:04.82,172.12206788185281,60,18,18,18,21,20
2019/11/08 14:19:04.91,172.0355935835583,58,18,18,18,21,20
2019/11/08 14:19:04.91,171.75230914539074,57,18,18,18,21,20
2019/11/08 14:19:04.99,171.76875359886895,56,18,18,18,21,20
2019/11/08 14:19:04.99,171.8185156326159,55,18,18,18,21,20
2019/11/08 14:19:05.10,171.94364091110634,55,18,18,18,21,20
2019/11/08 14:19:05.11,172.13124976655223,54,18,18,18,21,20
2019/11/08 14:19:05.24,172.2122247570016,54,18,18,18,21,20
2019/11/08 14:19:05.24,172.32287071388586,54,18,18,18,21,20
2019/11/08 14:19:05.40,172.22608095900108,54,18,18,18,21,20
2019/11/08 14:19:05.40,171.94813562936713,59,18,18,18,21,20
2019/11/08 14:19:05.40,171.76776843015284,60,18,18,18,21,20
2019/11/08 14:19:05.40,171.76970827167597,58,18,18,18,21,20
2019/11/08 14:19:05.46,171.79848665239655,55,18,18,18,21,20
2019/11/08 14:19:05.63,171.97303019352537,54,18,18,18,21,20
2019/11/08 14:19:05.63,171.80808851504995,53,18,18,18,21,20
2019/11/08 14:19:05.76,171.75726689288084,53,18,18,18,21,20
2019/11/08 14:19:05.76,171.74569334456777,52,18,18,18,21,20
2019/11/08 14:19:05.76,171.56776366155222,52,18,18,18,21,20
2019/11/08 14:19:05.77,171.51933508087257,51,18,18,18,21,20
2019/11/08 14:19:05.97,171.570630737106,51,18,18,18,21,20
2019/11/08 14:19:05.97,171.6843335971522,50,18,18,18,21,20
2019/11/08 14:19:05.97,171.8246515634033,50,18,18,18,21,20
2019/11/08 14:19:06.15,171.92495221766765,50,18,18,18,21,20
2019/11/08 14:19:06.16,171.89429700566285,50,18,18,18,21,20
2019/11/08 14:19:06.16,172.01539068198994,49,18,18,18,21,20
2019/11/08 14:19:06.30,172.05591903979783,49,18,18,18,21,20
2019/11/08 14:19:06.30,171.55605988221316,49,18,18,18,21,20
2019/11/08 14:19:06.30,171.7290273378664,48,18,18,18,21,20
2019/11/08 14:19:06.30,172.21134654930253,49,18,18,18,21,20
2019/11/08 14:19:06.39,172.43364734871082,48,18,18,18,21,20
2019/11/08 14:19:06.39,172.39516600769315,48,18,18,18,21,20
2019/11/08 14:19:06.40,172.3668582431573,48,18,18,18,21,20
2019/11/08 14:19:06.59,172.58051605190914,48,18,18,18,21,20
2019/11/08 14:19:06.76,172.62261389145925,48,18,18,18,21,20
2019/11/08 14:19:06.76,172.59909049512643,49,18,18,18,21,20
2019/11/08 14:19:06.76,172.30532150509802,49,18,18,18,21,20
2019/11/08 14:19:06.76,172.1711186866007,48,18,18,18,21,20
2019/11/08 14:19:06.76,172.131941193924,47,18,18,18,21,20
2019/11/08 14:19:07.10,172.07866821704508,46,18,18,18,21,20
2019/11/08 14:19:07.10,172.06457486045733,46,18,18,18,21,20
2019/11/08 14:19:07.19,172.14331140147593,46,18,18,18,21,20
2019/11/08 14:19:07.19,172.15340252982105,46,18,18,18,21,20
2019/11/08 14:19:07.19,172.2583858696003,46,18,18,18,21,20
2019/11/08 14:19:07.19,172.4802396520004,46,18,18,18,21,20
2019/11/08 14:19:07.19,172.58021590282647,45,18,18,18,21,20
2019/11/08 14:19:07.19,172.53653956819355,45,18,18,18,21,20
2019/11/08 14:19:07.19,172.5098611433423,45,18,18,18,21,20
2019/11/08 14:19:07.29,172.38683131187997,45,18,18,18,21,20
2019/11/08 14:19:07.38,172.13535139783895,45,18,18,18,21,20
2019/11/08 14:19:07.38,171.9463866219762,44,18,18,18,21,20
2019/11/08 14:19:07.38,171.91911469284847,45,18,18,18,21,20
2019/11/08 14:19:07.51,171.99969504900366,45,18,18,18,21,20
2019/11/08 14:19:07.51,172.1152848805789,44,18,18,18,21,20
2019/11/08 14:19:07.58,172.07586581429965,44,18,18,18,21,20
2019/11/08 14:19:07.58,172.03000322212665,44,18,18,18,21,20
2019/11/08 14:19:07.70,171.9814619406856,44,18,18,18,21,20
2019/11/08 14:19:07.70,171.95429334979113,44,18,18,18,21,20
2019/11/08 14:19:07.82,171.9478010921308,44,18,18,18,21,20
2019/11/08 14:19:07.83,171.88528285390785,44,18,18,18,21,20
2019/11/08 14:19:07.94,171.9712486184462,43,18,18,18,21,20
2019/11/08 14:19:07.94,172.12521763247815,43,18,18,18,21,20
2019/11/08 14:19:07.94,172.15333351556708,43,18,18,18,21,20
2019/11/08 14:19:08.05,171.41681495744308,43,18,18,18,21,20
2019/11/08 14:19:08.05,171.33829764063063,43,18,18,18,21,20
2019/11/08 14:19:08.32,171.38371186175843,43,18,18,18,21,20
2019/11/08 14:19:08.32,171.77276948925683,43,18,18,18,21,20
2019/11/08 14:19:08.33,171.5973726050892,43,18,18,18,21,20
2019/11/08 14:19:08.33,171.8145030854826,43,18,18,18,21,20
2019/11/08 14:19:08.42,171.83460309534803,43,18,18,18,21,20
2019/11/08 14:19:08.43,171.90274296775246,43,18,18,18,21,20
2019/11/08 14:19:08.43,171.86074051248497,43,18,18,18,21,20
2019/11/08 14:19:08.43,171.72547436638206,43,18,18,18,21,20
2019/11/08 14:19:08.75,171.4322608335705,42,18,18,18,21,20
2019/11/08 14:19:08.75,171.25284099762172,42,18,18,18,21,20
2019/11/08 14:19:08.76,171.18864115318138,42,18,18,18,21,20
2019/11/08 14:19:08.76,171.22301177506571,42,18,18,18,21,20
2019/11/08 14:19:08.83,171.46361306794597,42,18,18,18,21,20
2019/11/08 14:19:08.83,171.6141874369662,41,18,18,18,21,20
2019/11/08 14:19:08.83,171.63913580642588,42,18,18,18,21,20
2019/11/08 14:19:08.83,171.49726676330354,42,18,18,18,21,20
2019/11/08 14:19:08.91,171.39342326820102,42,18,18,18,21,20
2019/11/08 14:19:08.91,171.3578285536175,42,18,18,18,21,20
2019/11/08 14:19:08.99,170.8972666225842,41,18,18,18,21,20
2019/11/08 14:19:08.99,170.44087277972636,41,18,18,18,21,20
2019/11/08 14:19:09.35,170.5326883165767,42,18,18,18,21,20
2019/11/08 14:19:09.35,170.69413736307428,43,18,18,18,21,20
2019/11/08 14:19:09.35,170.68194932189897,42,18,18,18,21,20
2019/11/08 14:19:09.35,170.60932964094317,42,18,18,18,21,20
2019/11/08 14:19:09.35,170.44129797769588,42,18,18,18,21,20
2019/11/08 14:19:09.35,170.31426553744078,42,18,18,18,21,20
2019/11/08 14:19:09.35,170.2867103896335,41,18,18,18,21,20
2019/11/08 14:19:09.99,170.71643765569507,41,18,18,18,21,20
2019/11/08 14:19:09.99,170.69255974956064,42,18,18,18,21,20
2019/11/08 14:19:09.99,170.60640618843013,41,18,18,18,20,20
2019/11/08 14:19:09.99,170.47448408074365,41,18,18,18,21,20
2019/11/08 14:19:09.99,170.479303108998,42,18,18,18,21,20
2019/11/08 14:19:09.99,170.43720655243493,42,18,18,18,21,20
2019/11/08 14:19:09.99,170.40698540686193,42,18,18,18,21,20
2019/11/08 14:19:09.99,170.39088862051403,41,18,18,18,21,20
2019/11/08 14:19:09.99,170.3385859730226,41,18,18,18,21,20
2019/11/08 14:19:10.22,170.32200104354308,41,18,18,18,21,20
2019/11/08 14:19:10.22,170.4434887871762,41,18,18,18,21,20
2019/11/08 14:19:10.22,170.5579069704354,41,18,18,18,21,20
2019/11/08 14:19:10.22,170.47910536196596,41,18,18,18,21,20
2019/11/08 14:19:10.22,170.0421867165033,41,18,18,18,21,20
2019/11/08 14:19:10.22,169.89942631456506,41,18,18,18,21,20
2019/11/08 14:19:10.22,169.98109568780208,41,18,18,18,21,20
2019/11/08 14:19:10.37,170.05851049997997,41,18,18,18,21,20
2019/11/08 14:19:10.37,170.19542047613749,41,18,18,18,21,20
2019/11/08 14:19:10.37,170.20228101915998,41,18,18,18,21,20
2019/11/08 14:19:10.37,170.12972091617365,41,18,18,18,21,20
2019/11/08 14:19:10.37,170.21041626605265,40,18,18,18,21,20
2019/11/08 14:19:10.50,169.9501419808592,40,18,18,18,21,20
2019/11/08 14:19:10.60,170.2083829220973,40,18,18,18,21,20
2019/11/08 14:19:10.60,170.24848183239132,40,18,18,18,21,20
2019/11/08 14:19:10.60,170.07649046508914,40,18,18,18,21,20
2019/11/08 14:19:10.75,169.88203522594432,40,18,18,18,21,20
2019/11/08 14:19:10.75,169.84069757414085,40,18,18,18,21,20
2019/11/08 14:19:10.89,169.8152670151071,40,18,18,18,21,20
2019/11/08 14:19:10.90,169.86975157657892,40,18,18,18,21,20
2019/11/08 14:19:10.90,169.89553055062177,40,18,18,18,21,20
2019/11/08 14:19:11.29,169.84308230824524,40,18,18,18,21,20
2019/11/08 14:19:11.29,169.82945759480987,40,18,18,18,21,20
2019/11/08 14:19:11.29,169.6702883855302,40,18,18,18,21,20
2019/11/08 14:19:11.29,169.6149453213366,39,18,18,18,21,20
2019/11/08 14:19:11.29,169.7912087931349,39,18,18,18,21,20
2019/11/08 14:19:11.29,169.86967485787548,39,18,18,18,21,20
2019/11/08 14:19:11.29,170.0470817583059,39,18,18,18,21,20
2019/11/08 14:19:11.45,170.0187641369624,39,18,18,18,21,20
2019/11/08 14:19:11.45,169.83536396678196,39,18,18,18,21,20
2019/11/08 14:19:11.45,169.93348208559271,39,18,18,18,21,20
2019/11/08 14:19:11.46,170.03358240053774,39,18,18,18,21,20
2019/11/08 14:19:11.53,170.1117272842219,39,18,18,18,21,20
2019/11/08 14:19:11.53,170.12310168531556,39,18,18,18,21,20
2019/11/08 14:19:11.67,170.11697960819183,39,18,18,18,21,20
2019/11/08 14:19:11.67,170.0908858936874,39,18,18,18,21,20
