38:35.9,164.8478707,475,41,20,22,22,20
38:35.9,164.8236968,475,41,20,22,22,20
38:36.0,164.8273946,476,41,20,22,22,20
38:36.0,164.8749566,475,41,20,22,22,20
38:36.1,164.8656337,475,41,20,22,22,20
38:36.1,164.8794961,475,41,20,22,22,20
38:36.2,164.8561618,476,41,20,22,22,20
38:36.2,164.8270006,475,41,20,22,22,20
38:36.2,164.811988,475,41,20,22,22,20
38:36.3,164.8022877,475,41,20,22,22,20
38:36.3,164.8190219,475,41,20,22,22,20
38:36.4,164.8129103,475,41,20,22,22,20
38:36.4,164.8091277,475,41,20,22,22,20
38:36.4,164.7980023,475,41,20,22,22,20
38:36.6,164.7919588,475,41,20,22,22,20
38:36.6,164.7607873,474,41,20,22,22,20
38:36.6,164.7530294,474,41,20,22,22,20
38:36.7,164.7921837,474,41,20,22,22,20
38:36.7,164.7711679,475,41,20,22,22,20
38:36.8,164.7536444,474,41,20,22,22,20
38:36.8,164.7713519,474,41,20,22,22,20
38:36.9,164.7555997,474,41,20,22,22,20
38:36.9,164.7385782,475,41,20,22,22,20
38:37.0,164.8190649,474,42,20,22,22,20
38:37.0,164.8379931,474,42,20,22,22,20
38:37.1,164.8393627,474,42,20,22,22,20
38:37.2,164.8116138,474,42,20,22,22,20
38:37.2,164.756421,473,42,20,21,22,20
38:37.2,164.7569153,473,42,20,21,22,20
38:37.3,164.7505144,473,42,20,21,22,20
38:37.3,164.7392057,474,42,20,21,22,20
38:37.4,164.7245424,473,42,20,21,22,20
38:37.4,164.7135796,473,42,20,21,22,20
38:37.4,164.6951803,473,42,20,21,22,20
38:37.6,164.6428646,474,42,20,21,22,20
38:37.6,164.5567588,473,42,20,21,22,20
38:37.6,164.4791998,473,43,20,21,22,20
38:37.7,164.5139039,474,45,20,21,22,20
38:37.8,164.5639424,475,47,20,21,22,20
38:37.8,164.5234477,474,47,20,21,22,20
38:37.8,164.5418904,473,47,20,21,22,20
38:37.9,164.5613699,473,47,20,21,22,20
38:37.9,164.5342114,474,47,20,21,22,20
38:38.0,164.5765409,473,46,20,21,22,20
38:38.1,164.52237,473,46,20,21,22,20
38:38.1,164.4990381,473,46,20,21,22,20
38:38.1,164.4596693,474,46,20,21,22,20
38:38.2,164.3874894,473,46,20,21,22,20
38:38.2,164.3130293,473,46,20,21,22,20
38:38.2,164.3120248,473,47,20,21,22,20
38:38.4,164.3180909,474,49,20,21,22,20
38:38.4,164.3656477,473,50,20,21,22,20
38:38.4,164.4239375,473,50,20,21,22,20
38:38.5,164.4978918,473,49,20,21,22,20
38:38.5,164.5587255,474,49,20,21,22,20
38:38.6,164.5757488,472,48,20,21,22,20
38:38.6,164.583636,472,48,20,21,22,20
38:38.6,164.5643004,472,47,20,21,22,20
38:38.8,164.5687771,473,48,20,21,22,20
38:38.8,164.5524371,472,47,20,21,22,20
38:38.8,164.6574008,472,47,20,21,22,20
38:38.9,164.6420276,472,47,20,21,22,20
38:38.9,164.6249946,473,47,20,21,22,20
38:39.0,164.6008559,472,47,20,21,22,20
38:39.0,164.6089016,472,46,20,21,22,20
38:39.0,164.5871129,472,46,20,21,21,20
38:39.2,164.6058438,473,46,20,21,22,20
38:39.2,164.596029,472,46,20,21,22,20
38:39.2,164.6466175,471,46,20,21,22,20
38:39.3,164.609797,471,46,20,21,22,20
38:39.3,164.6029532,473,46,20,21,22,20
38:39.4,164.5555112,471,46,20,21,22,20
38:39.4,164.5764999,471,46,20,21,21,20
38:39.5,164.7020804,471,46,20,21,21,20
38:39.6,164.7460347,473,46,20,21,22,20
38:39.6,164.7390614,471,46,20,21,21,20
38:39.6,164.7624547,471,46,20,21,22,20
38:39.7,164.7625755,471,45,20,21,22,20
38:39.7,164.8421895,472,45,20,21,22,20
38:39.8,164.7580831,471,45,20,21,21,20
38:39.8,164.8466986,471,45,20,21,22,20
38:39.8,164.9183462,471,44,20,21,21,20
38:40.3,164.9864804,472,44,20,21,22,20
38:40.3,164.9053148,471,43,20,21,22,20
38:40.3,164.9115418,471,42,20,21,22,20
38:40.3,164.883676,471,42,20,21,22,20
38:40.3,164.8905522,472,42,20,21,22,20
38:40.3,164.9209299,470,42,20,21,22,20
38:40.3,164.9526062,470,42,20,21,22,20
38:40.3,164.9889233,471,42,20,21,22,20
38:40.4,165.0290377,472,41,20,22,22,20
38:40.4,165.0101601,471,39,20,22,22,20
38:40.4,165.0810575,471,39,20,22,22,20
38:40.5,165.0119582,471,38,20,22,22,20
38:40.5,165.0275927,472,38,20,22,22,20
38:40.6,165.1249257,470,38,20,22,22,20
38:40.6,165.0869392,470,38,20,22,22,20
38:40.7,165.0788443,470,38,20,22,22,20
38:40.7,165.1359339,472,38,20,22,22,20
38:40.8,165.1294703,470,38,20,22,22,20
38:40.8,165.0899169,470,38,20,22,22,20
38:40.8,165.1167494,469,38,20,22,22,20
38:41.0,165.1334637,471,38,20,22,22,20
38:41.0,165.1537166,469,38,20,22,22,20
38:41.0,165.1735499,469,38,20,22,22,20
38:41.1,165.1657825,469,37,20,22,22,20
38:41.2,165.1496582,471,37,20,22,22,20
38:41.2,165.1041646,469,37,20,22,22,20
38:41.2,165.0722914,469,37,20,22,22,20
38:41.3,164.9872668,468,38,20,22,22,20
38:41.3,164.967288,470,39,20,22,22,20
38:41.4,164.8048358,469,40,20,22,22,20
38:41.4,164.6109249,469,42,20,21,22,20
38:41.4,164.6954891,469,45,20,21,22,20
38:41.6,164.7264971,472,46,20,21,22,20
38:41.6,164.7074267,469,45,20,21,22,20
38:41.6,164.628679,469,45,20,21,21,20
38:41.6,164.5995095,470,45,20,21,21,20
38:41.8,164.6197968,472,45,20,21,22,20
38:41.8,164.7848056,469,45,20,21,21,20
38:41.8,164.9788826,469,45,20,21,21,20
38:41.9,165.2115884,469,45,20,21,21,20
38:41.9,165.3169355,471,43,20,21,22,20
38:42.0,165.3096428,468,40,20,22,22,20
38:42.0,165.1884815,467,38,20,22,22,20
38:42.0,164.9944899,467,37,20,23,22,20
38:42.2,164.5989601,469,37,20,23,22,21
38:42.2,164.0598628,469,34,20,25,22,21
38:42.2,163.3692107,468,32,20,29,22,21
38:42.3,162.5841409,466,29,20,36,22,21
38:42.3,161.6988819,466,27,20,51,22,21
38:42.4,160.9427469,461,26,20,87,22,21
38:42.5,160.1433977,455,24,20,123,23,21
38:42.5,159.1890444,450,24,20,152,23,22
38:42.5,158.0238723,447,23,20,182,23,22
38:42.6,156.3390119,439,22,20,214,23,22
38:42.6,154.5724676,428,22,20,249,23,22
38:42.7,152.4801977,417,22,20,284,23,22
38:42.7,150.2065424,403,21,20,320,24,22
38:42.8,147.9960416,379,21,20,353,25,22
38:42.8,145.8685911,358,21,20,377,27,22
38:42.8,143.7395625,334,21,20,400,29,22
38:43.0,141.5835622,314,21,20,418,32,22
38:43.0,139.0962782,294,20,20,435,37,22
38:43.0,136.545472,280,20,20,455,50,22
38:43.1,133.8016308,270,20,20,467,87,22
38:43.1,130.9054756,260,20,20,479,133,22
38:43.2,128.0545468,251,20,20,489,171,22
38:43.3,125.2355362,244,20,20,499,206,21
38:43.3,122.5305935,237,20,20,505,236,22
38:43.4,119.4554464,233,20,20,512,266,21
38:43.4,116.0963492,227,20,20,518,291,21
38:43.4,113.4444789,224,20,20,526,310,21
38:43.5,110.986242,220,20,20,530,328,21
38:43.5,108.5961281,221,20,20,536,341,21
38:43.6,106.0517092,218,20,20,537,353,21
38:43.7,103.3353118,215,20,20,541,361,21
38:43.7,100.7143899,214,20,20,545,368,21
38:43.8,98.07143682,215,20,20,550,377,21
38:43.8,95.26068802,211,20,20,548,385,21
38:43.8,92.40197926,209,20,20,549,391,21
38:43.9,89.48946116,207,20,20,552,395,21
38:43.9,86.83527401,208,20,20,558,401,21
38:44.0,84.45007259,202,20,20,559,403,21
38:44.0,82.09665545,200,20,20,559,406,21
38:44.0,79.45918187,198,20,20,560,410,21
38:44.2,76.5981446,198,20,20,564,414,21
38:44.2,73.70421699,194,19,20,564,417,21
38:44.2,70.36291622,191,19,20,568,421,21
38:44.3,66.24264555,188,19,20,571,424,21
38:44.3,60.77815576,189,20,19,576,430,21
38:44.4,54.36724597,184,19,19,577,435,21
38:44.6,35.79091251,175,19,19,595,449,21
38:44.6,34.5616637,171,19,19,595,452,22
38:44.6,32.96886756,167,19,19,595,454,22
38:44.7,33.29011264,161,19,19,593,454,22
38:44.7,33.81370489,156,19,19,593,454,22
38:44.8,33.83850246,151,19,19,590,452,22
38:44.8,34.25933918,147,19,19,589,451,22
38:44.8,34.73016313,145,19,19,588,450,22
38:45.0,35.27127661,144,19,19,590,451,22
38:45.0,37.16623859,141,19,19,587,448,22
38:45.0,37.77562502,140,19,19,586,447,22
38:45.1,39.09818532,139,19,19,585,446,22
38:45.1,37.93699811,140,19,19,586,446,22
38:45.2,39.74966364,138,19,19,584,444,22
38:45.2,40.82509901,141,19,19,582,443,22
38:45.3,42.46287168,141,19,19,581,442,22
38:45.3,43.98485887,144,19,19,582,441,22
38:45.4,45.62656455,142,19,19,578,438,22
38:45.4,47.30553588,142,19,19,576,436,22
38:45.5,48.70403861,142,19,19,574,434,21
38:45.5,49.91859059,145,19,19,573,434,21
38:45.6,50.93524995,145,19,19,569,431,21
38:45.6,51.794719,146,19,19,566,429,21
38:45.6,53.16448313,147,19,19,563,428,21
38:45.8,54.62329165,150,19,19,564,428,21
38:45.8,56.39972459,150,19,19,559,425,21
38:45.8,58.10552491,152,19,19,558,424,21
38:45.9,59.82274466,154,19,19,556,421,21
38:45.9,61.49639168,159,20,19,555,420,21
38:46.0,63.31149004,159,19,20,551,417,21
38:46.1,65.28799502,161,19,20,548,414,21
38:46.1,67.23418298,163,20,20,544,411,21
38:46.2,69.19173799,167,20,20,542,409,21
38:46.3,71.07695773,167,20,20,537,404,21
38:46.3,73.08611094,169,20,20,533,401,21
38:46.3,75.01533222,172,20,20,530,398,21
38:46.3,77.07491387,176,20,20,530,395,21
38:46.4,79.31536106,176,20,20,523,391,21
38:46.4,81.51555659,179,20,20,519,387,21
38:46.5,83.79726195,180,20,20,514,383,21
38:46.8,86.03107406,187,20,21,513,380,21
38:46.8,88.24639349,184,20,20,506,375,21
38:46.8,90.21124328,185,20,21,502,372,21
38:46.8,91.79101744,187,20,21,498,369,21
38:46.8,93.45344082,190,20,21,494,366,21
38:46.8,95.29172715,189,20,21,488,360,21
38:46.8,97.58151883,190,20,21,484,354,21
38:46.8,99.81247059,193,20,21,482,348,21
38:47.0,102.0645549,197,20,21,480,344,22
38:47.0,104.2278555,196,20,21,472,335,21
38:47.0,106.3607982,199,20,21,467,328,21
38:47.1,108.4491098,202,20,21,463,320,21
38:47.1,111.3567026,207,20,21,459,311,21
38:47.2,114.4710736,207,20,21,452,298,21
38:47.2,117.6393953,213,20,21,443,285,21
38:47.2,120.8395624,217,20,21,436,266,21
38:47.3,124.1544188,225,21,21,430,241,21
38:47.4,127.9258122,229,20,21,416,209,21
38:47.4,133.2777696,234,21,21,400,170,21
38:52.7,149.7821201,318,21,21,195,27,22
38:52.8,148.7792695,295,20,21,216,27,22
38:52.8,147.7844641,287,20,21,236,27,22
38:52.9,146.5830655,278,20,21,257,28,22
38:52.9,145.1585216,281,21,21,284,28,22
38:53.0,143.6538759,261,20,21,303,28,22
38:53.0,141.9217729,255,20,21,328,29,22
38:53.1,140.2182889,251,20,21,349,30,22
38:53.1,138.670196,254,21,21,372,32,22
38:53.2,137.0709486,239,20,21,384,33,22
38:53.2,135.3974896,233,20,21,400,35,22
38:53.3,133.605285,229,20,21,412,39,22
38:53.3,131.8957674,234,21,21,428,47,22
38:53.4,130.1191407,217,20,21,440,61,22
38:53.4,128.3513784,215,20,21,450,82,22
38:53.5,126.5276041,210,20,20,457,109,22
38:53.5,124.9333645,217,21,21,469,137,22
38:53.6,123.234055,207,20,20,470,161,22
38:53.6,121.5167461,204,20,20,474,183,22
38:53.7,119.8006871,202,20,20,480,203,22
38:53.8,118.4334131,210,21,21,489,223,22
38:53.8,116.9589049,199,20,20,488,239,21
38:53.8,114.930401,196,20,20,490,256,21
38:53.9,112.7827553,193,20,20,498,272,21
38:53.9,110.5817385,203,20,21,509,295,22
38:54.0,108.2904359,194,20,20,509,308,21
38:54.0,106.8890346,194,20,20,515,317,21
38:54.0,105.3006374,191,20,20,518,327,21
38:54.2,103.6991858,200,20,21,526,338,21
38:54.2,102.0317922,194,20,20,524,342,21
38:54.2,100.3261528,192,20,20,527,349,21
38:54.3,98.70371429,193,20,20,529,357,21
38:54.4,96.9277582,200,20,21,538,366,21
38:54.4,95.17536992,187,20,20,534,368,21
38:54.4,93.37342646,186,20,20,536,374,21
38:54.4,91.65176184,185,20,20,537,379,21
38:54.6,90.09702605,193,20,21,546,386,21
38:54.6,88.38632843,183,20,20,543,386,21
38:54.6,86.49220272,183,20,20,544,389,21
38:54.7,84.65799976,183,20,20,548,393,21
38:54.7,82.98328457,189,20,21,556,400,21
38:54.8,81.42646526,179,20,20,552,398,21
38:54.9,79.86075349,177,20,20,554,400,21
38:54.9,78.22121987,175,20,20,555,403,21
38:55.0,76.5446707,183,20,21,565,410,21
38:55.0,74.73385036,173,19,20,560,408,21
38:55.0,72.83845837,173,19,20,561,411,21
38:55.1,70.9859944,173,19,20,562,415,21
38:55.1,69.4562815,184,20,21,572,421,21
38:55.2,67.95708664,167,19,19,566,419,21
38:55.2,66.28298008,164,19,19,566,421,21
38:55.2,64.47606985,163,19,19,567,423,21
38:55.4,62.5878071,174,20,20,577,430,21
38:55.4,60.5429851,159,19,19,571,427,21
38:55.4,58.50044004,156,19,19,572,429,21
38:55.5,56.4067168,155,19,19,574,431,21
38:55.5,54.34339977,164,20,20,585,438,21
38:55.6,52.32921718,150,19,19,578,436,21
38:55.6,50.29584443,148,19,19,579,437,21
38:55.7,48.47406006,148,19,19,580,440,21
38:55.7,46.89331204,160,20,19,589,445,22
38:55.8,45.31734258,145,19,19,582,441,21
38:55.8,44.07198487,145,19,19,583,443,21
38:55.8,42.81218304,144,19,19,582,443,21
38:56.0,41.78567724,155,20,19,591,447,22
38:56.0,40.87038513,141,19,19,583,443,22
38:56.0,39.96584865,141,19,19,584,443,22
38:56.1,39.10829114,138,19,19,585,443,22
38:56.1,38.29893335,149,20,19,593,447,22
38:56.2,37.77425034,137,19,19,584,443,22
38:56.2,37.42956283,136,19,19,584,444,22
38:56.2,37.04563381,136,19,19,583,443,22
38:56.4,36.93576189,146,20,19,593,449,22
38:56.4,37.24137423,133,19,19,583,444,22
38:56.4,38.39173007,130,19,19,582,444,22
38:56.5,40.42808504,128,19,19,581,443,22
38:56.6,42.86673115,137,20,19,589,446,22
38:56.6,45.01428072,127,19,19,577,438,22
38:56.6,46.82700879,128,19,19,574,436,21
38:56.7,48.58758841,131,19,19,570,433,21
38:56.8,49.9265525,142,23,20,578,436,22
38:56.8,51.43481661,135,19,19,564,428,21
38:56.8,52.92220549,136,19,19,561,426,21
38:56.9,54.11119755,136,19,19,558,423,21
38:56.9,55.18098556,145,23,20,567,427,21
38:57.0,56.15075753,138,19,19,553,419,21
38:57.0,57.23301733,139,19,19,550,417,21
38:57.0,58.51963972,141,19,19,548,416,21
38:57.2,60.03834288,150,24,20,556,419,21
38:57.2,61.73560437,146,19,19,544,412,21
38:57.2,63.53254013,147,19,19,541,409,21
38:57.3,65.537073,149,19,19,538,407,21
38:57.3,67.65726786,160,23,21,545,409,21
38:57.4,70.16258367,155,19,20,532,400,21
38:57.4,73.36570649,158,20,20,527,396,21
38:57.5,76.84945704,162,20,20,523,392,21
38:57.6,80.78246753,173,23,21,527,392,21
38:57.6,83.96643209,172,20,20,510,382,21
38:57.6,86.41919114,174,20,20,501,377,21
38:57.6,88.62779571,178,20,20,494,372,21
38:57.8,90.80079774,185,23,21,495,372,21
38:57.8,93.80285628,182,20,21,479,360,21
38:57.8,96.54932911,185,20,21,474,353,21
38:57.9,99.38848906,187,20,21,469,344,21
38:57.9,101.9960254,197,23,21,470,339,22
38:58.0,104.7596778,194,20,21,454,323,21
38:58.1,107.1946019,195,20,21,447,312,21
38:58.1,109.4219302,197,20,21,440,302,22
38:58.1,112.5577733,206,23,22,439,295,22
38:58.2,115.6587447,204,20,21,420,274,21
38:58.2,117.8923175,207,20,21,412,250,21
38:58.3,120.2633638,210,20,21,401,223,21
38:58.3,122.8243775,215,22,26,400,203,22
38:58.4,125.4772299,215,20,21,375,175,21
38:58.4,128.6879881,220,20,21,361,142,21
38:58.4,132.0802099,223,21,21,347,98,21
38:58.6,135.2020957,229,22,26,336,65,22
38:58.6,137.8043452,232,21,21,300,42,21
38:58.6,140.0666627,235,21,21,270,34,21
38:58.7,142.8075521,239,21,21,243,31,21
38:58.7,145.9598015,246,21,26,222,30,22
38:58.8,148.9394845,256,21,21,180,28,21
38:58.8,150.9723367,268,21,21,135,28,21
38:58.9,152.7517637,278,21,21,91,27,21
38:58.9,154.5846409,288,21,25,57,27,22
38:59.0,155.8083443,296,21,21,42,26,21
38:59.1,157.0713273,303,21,21,36,26,21
38:59.1,158.33152,313,21,21,33,26,21
38:59.2,159.82452,321,21,24,32,26,21
38:59.2,161.8177511,330,22,21,29,25,21
38:59.2,163.7093955,341,22,21,28,25,21
38:59.3,164.8754872,356,22,21,27,25,21
38:59.3,165.3537518,369,23,24,27,25,21
38:59.4,164.896577,380,24,21,25,25,21
38:59.4,163.892413,391,25,21,25,25,21
38:59.5,163.3073258,400,26,21,25,25,21
38:59.5,163.4081202,401,26,23,30,25,21
38:59.6,163.3906934,402,27,21,24,24,21
38:59.6,163.3722473,401,27,21,24,24,21
38:59.6,163.2920346,400,27,21,24,24,20
38:59.8,163.286022,400,26,23,28,24,21
38:59.8,163.2855768,399,27,21,24,24,20
38:59.8,163.1752096,398,26,21,23,24,20
38:59.8,163.1803179,398,26,21,23,23,20
39:00.0,163.1976512,397,26,22,27,24,21
39:00.0,163.302175,397,26,21,23,23,20
39:00.0,163.4965042,396,26,21,23,23,20
39:00.1,163.8481928,395,26,21,23,23,20
39:00.1,164.3325427,395,26,21,27,24,21
39:00.2,164.9244344,394,26,21,23,23,20
39:00.2,165.235134,391,26,21,23,23,21
39:00.2,165.1387932,388,25,21,24,24,21
39:00.4,164.3618793,385,24,21,28,25,21
39:00.4,162.8303254,381,23,21,26,24,21
39:00.4,160.1065638,372,22,21,28,25,21
39:00.5,157.0972728,358,22,21,31,26,21
39:00.5,153.815846,338,21,21,43,27,22
39:00.6,150.2351577,316,21,21,82,27,22
39:00.6,146.3157515,294,21,21,154,28,22
39:00.7,141.6070802,272,21,21,233,29,22
39:00.8,136.1288784,258,21,20,333,36,23
39:00.8,129.3995097,244,20,21,382,36,22
39:01.2,71.32645571,200,20,20,564,409,21
39:01.3,70.14456503,195,20,20,568,416,21
39:01.3,70.27619815,186,20,19,569,418,21
39:01.4,71.12364132,182,20,19,587,445,22
39:01.4,71.91694618,176,19,19,563,416,21
39:01.4,72.55199269,173,19,19,560,415,21
39:01.5,72.93878778,170,19,20,558,413,21
39:01.5,73.25251569,168,20,20,575,437,22
39:01.6,73.88271007,165,19,20,554,410,21
39:01.6,75.1306855,165,19,20,552,408,21
39:01.6,76.97582696,166,19,20,550,406,21
39:01.8,78.53306935,169,20,20,565,428,22
39:01.8,79.60274157,169,20,20,543,401,21
39:01.8,80.74676997,169,20,20,538,397,21
39:01.9,81.77602396,170,20,20,535,394,21
39:01.9,83.15071142,171,20,20,544,415,22
39:02.0,84.37053536,171,20,20,528,388,21
39:02.0,85.53151394,172,20,20,524,386,21
39:02.0,86.50767402,172,20,20,519,383,21
39:02.2,87.60836748,174,20,20,524,401,28
39:02.2,88.48285695,174,20,20,511,376,21
39:02.2,90.1651507,174,20,20,508,373,21
39:02.3,91.24309837,175,20,20,505,369,21
39:02.4,92.27798707,174,20,20,508,386,28
39:02.4,93.37671644,175,20,20,499,364,21
39:02.4,94.51148178,176,20,20,496,360,21
39:02.5,95.75821498,178,20,20,494,356,21
39:02.5,96.9414736,181,20,20,492,367,27
39:02.6,98.06889664,181,20,20,487,347,21
39:02.6,98.70898703,183,20,20,482,342,21
39:02.7,99.61804526,183,20,20,478,339,21
39:02.8,100.4657767,183,20,20,477,346,26
39:02.8,101.3304734,183,20,20,473,330,21
39:02.8,102.1347243,183,20,20,470,326,21
39:02.9,102.9386761,183,20,20,466,320,21
39:02.9,103.7107962,184,20,20,464,327,26
39:03.0,104.4285625,184,20,20,461,312,21
39:03.0,105.1982823,184,20,20,458,308,21
39:03.1,105.9848762,183,20,20,455,304,21
39:03.1,106.8186638,184,20,21,453,309,25
39:03.2,107.4795627,184,20,20,451,296,21
39:03.2,107.9204333,183,20,20,447,291,21
39:03.2,108.3985064,183,20,20,445,287,21
39:03.4,108.9095789,183,20,21,442,289,26
39:03.4,109.4825762,182,20,20,439,280,21
39:03.4,110.1221028,182,20,20,437,276,21
39:03.5,110.6432965,183,20,21,435,272,21
39:03.5,111.3545643,184,20,21,433,273,24
39:03.6,111.7870486,184,20,20,430,263,21
39:03.6,112.2718622,183,20,20,427,259,21
39:03.6,112.6711227,186,20,20,423,254,21
39:03.8,112.9435543,188,20,21,422,250,23
39:03.8,113.1924387,185,20,20,421,244,21
39:03.8,113.335474,184,20,20,417,240,21
39:03.9,113.7304787,184,20,20,414,236,21
39:03.9,113.7359377,184,20,21,412,234,22
39:04.0,113.6984148,181,20,20,410,231,21
39:04.0,113.6619417,180,20,20,408,229,21
39:04.1,113.4067549,179,20,20,407,227,21
39:04.1,113.3407382,180,20,20,407,226,22
39:04.2,112.9547065,178,20,20,406,225,21
39:04.3,111.8789749,177,20,20,405,225,21
39:04.3,109.8119193,176,20,20,405,228,21
39:04.3,107.5673222,175,20,20,412,242,21
39:04.4,105.193188,171,20,20,424,261,21
39:04.4,102.5283119,170,20,20,441,281,21
39:04.5,99.77588153,171,20,20,455,300,21
39:04.5,97.25992953,171,20,20,465,318,21
39:04.6,95.29858369,169,20,20,476,331,21
39:04.6,93.00470935,165,20,20,485,346,21
39:04.6,90.99961328,163,20,20,492,356,21
39:04.8,88.98397671,163,20,20,498,365,21
39:04.8,87.25216852,160,20,20,504,373,21
39:04.8,85.55163925,160,20,20,510,376,21
39:04.9,82.73090603,159,20,20,514,382,21
39:04.9,80.80099348,158,20,20,519,387,21
39:05.0,78.90700644,156,19,20,523,390,21
39:05.0,77.02169623,156,19,20,529,394,21
39:05.0,75.10692644,154,19,20,532,398,21
39:05.2,73.35962865,153,20,20,537,402,21
39:05.2,71.68369496,151,19,20,541,405,21
39:05.2,70.32581133,149,19,19,544,408,21
39:05.3,69.14692772,148,19,19,547,410,21
39:05.4,68.08715911,148,19,19,550,413,21
39:05.4,67.05845701,146,19,19,551,414,21
39:05.4,66.28642053,145,19,19,553,415,21
39:05.5,65.66735683,143,19,19,553,416,21
39:05.5,65.26344141,142,19,19,554,417,21
39:05.6,65.57624775,139,19,19,553,416,21
39:05.6,66.37207492,138,19,19,551,416,21
39:05.7,68.13772769,137,19,19,550,415,21
39:05.7,70.73705201,138,19,19,548,414,21
39:05.8,75.9628243,138,19,20,544,410,21
39:08.5,93.46085707,156,20,20,450,329,21
39:08.6,92.38454504,153,20,20,454,332,21
39:08.6,91.32780921,153,20,20,459,337,21
39:08.7,90.08996319,152,20,20,465,343,21
39:08.7,89.21773686,152,20,20,472,352,21
39:08.8,87.97056674,148,20,20,476,357,21
39:08.8,86.90571514,146,20,20,482,361,21
39:08.9,85.91881335,145,20,20,487,364,21
39:08.9,84.74862831,147,20,20,493,370,21
39:09.0,83.35413093,143,20,20,495,373,21
39:09.1,81.93130055,143,20,20,500,376,21
39:09.1,80.62483207,143,20,20,506,379,21
39:09.1,79.28812931,144,20,20,511,386,21
39:09.2,77.69990856,141,19,20,512,389,21
39:09.2,76.13215915,140,19,20,518,391,21
39:09.3,74.68716343,139,19,20,523,394,21
39:09.3,73.23768365,140,20,20,531,399,21
39:09.4,71.46090738,137,19,20,533,401,21
39:09.4,69.75386436,136,19,20,538,405,21
39:09.5,68.10396183,134,19,19,542,407,21
39:09.5,66.58730914,133,19,19,548,411,21
39:09.6,65.20751139,129,19,19,548,413,21
39:09.6,64.07014224,127,19,19,550,415,21
39:09.7,63.00775533,126,19,19,551,417,21
39:09.7,61.73494558,126,19,19,555,419,21
39:09.8,59.90351381,123,19,19,554,420,21
39:09.8,57.83988125,124,19,19,556,423,21
39:09.9,55.94280817,124,19,19,559,426,21
39:09.9,54.42994244,126,19,19,563,429,21
39:10.0,53.11629452,122,19,19,564,430,21
39:10.0,52.20111805,120,19,19,566,430,21
39:10.1,51.71004228,119,19,19,565,431,21
39:10.1,51.46264738,119,19,19,569,432,21
39:10.2,51.26818896,116,19,19,566,431,21
39:10.2,51.14519164,115,19,19,565,431,21
39:10.3,51.38510127,113,19,19,565,430,21
39:10.3,52.07642484,113,19,19,567,431,21
39:10.4,53.13856497,110,19,19,563,429,21
39:10.4,54.23541992,110,19,19,561,427,21
39:10.5,55.36381504,110,19,19,561,425,21
39:10.5,56.53220919,112,19,19,562,426,21
39:10.6,57.50449955,111,19,19,556,422,21
39:10.6,58.24355695,112,19,19,554,421,21
39:10.7,59.16554194,112,19,19,552,418,21
39:10.7,60.00883961,115,19,19,554,419,21
39:10.9,60.79338141,114,19,19,548,415,21
39:10.9,61.5244497,115,19,19,547,413,21
39:10.9,62.21372551,117,19,19,545,413,21
39:10.9,62.90417039,119,19,19,544,412,21
39:11.0,63.7437239,120,19,19,540,409,21
39:11.0,64.70017218,121,19,19,538,408,21
39:11.1,65.61067801,122,19,19,536,407,21
39:11.1,66.52275899,124,19,20,538,406,21
39:11.2,67.6448378,126,19,20,533,403,21
39:11.3,69.36484841,129,19,20,530,401,21
39:11.3,71.24808717,134,19,20,527,398,21
39:11.3,72.91855452,135,19,20,525,397,21
39:11.4,74.40522475,138,19,20,518,392,21
39:11.5,75.74794014,140,19,20,513,388,21
39:11.5,77.13095682,141,19,20,509,385,21
39:11.5,78.25202798,142,20,20,507,383,21
39:11.6,78.87158481,142,19,20,501,379,21
39:11.6,79.65845748,143,20,20,498,376,21
39:11.6,80.30749228,143,20,20,495,374,21
39:11.7,80.92260736,143,20,20,495,375,21
39:11.8,81.41375503,144,20,20,491,372,21
39:11.8,81.94413593,144,20,20,487,370,21
39:12.0,82.39785572,144,20,20,486,369,21
39:12.0,82.92847167,144,20,20,487,369,21
39:12.1,83.73694823,144,20,20,483,367,21
39:12.1,84.88805146,147,20,20,481,366,21
39:12.1,85.97851851,149,20,20,480,364,21
39:12.1,86.72904461,150,20,20,481,363,21
39:12.2,87.4545232,152,20,20,475,359,21
39:12.2,87.69004202,152,20,20,471,356,21
39:12.2,88.33426074,152,20,20,469,353,21
39:12.3,88.81343121,151,20,20,469,352,21
39:12.4,88.94177342,151,20,20,465,348,21
39:12.4,88.9971233,150,20,20,463,347,21
39:12.5,89.00101934,150,20,20,461,345,21
39:12.5,89.04559338,149,19,20,463,346,21
39:12.6,89.10481684,148,20,20,459,343,21
39:12.6,89.2968498,147,20,20,458,342,21
39:12.8,89.55609303,147,20,20,457,341,21
39:12.8,89.67210698,147,19,20,461,343,21
39:12.8,89.48293518,147,20,20,456,340,21
39:12.8,89.4675544,146,20,20,455,340,21
39:12.9,89.74600064,146,20,20,454,339,21
39:12.9,90.04602023,145,20,20,458,340,21
39:13.0,90.36452687,145,20,20,454,338,21
39:13.0,90.72514502,146,20,20,455,337,21
39:13.1,91.06527325,146,20,20,455,337,21
39:13.1,91.30147128,147,20,20,459,338,21
39:13.2,91.3840384,147,20,20,454,335,21
39:13.2,91.78548405,146,20,20,452,334,21
39:13.3,91.69194536,147,20,20,451,333,21
39:13.3,91.87363119,146,20,20,454,334,21
39:13.4,91.99937104,146,20,20,449,331,21
39:13.4,92.0277051,146,20,20,448,331,21
39:13.6,92.07593711,146,20,20,447,330,21
39:13.6,92.04349742,146,20,20,450,331,21
39:13.6,92.01416309,145,20,20,446,329,21
39:13.6,91.86122088,144,20,20,445,328,21
39:13.7,91.93205043,143,20,20,444,328,21
39:13.7,91.86174802,143,20,20,447,329,21
39:13.8,91.80141448,142,20,20,442,327,21
39:13.8,91.73496289,142,20,20,442,327,21
39:13.8,91.73176481,141,20,20,441,326,21
39:13.9,91.67970187,141,20,20,445,328,21
39:14.0,91.66305303,141,20,20,441,326,21
39:14.0,91.66224315,140,20,20,440,326,21
39:14.1,91.68508179,140,20,20,440,325,21
39:14.1,91.67907071,140,20,20,444,328,21
39:14.2,91.67935796,139,20,20,440,325,21
39:14.2,91.76572686,139,20,20,439,325,21
39:14.3,91.87906536,139,20,20,439,325,21
39:14.3,91.92085873,139,20,20,443,327,21
39:14.4,92.00937983,138,20,20,438,325,21
39:14.4,91.99559097,138,20,20,438,324,21
39:14.5,91.9472649,138,20,20,438,324,21
39:14.5,91.85599054,138,20,20,441,326,21
39:14.6,91.90130712,138,20,20,438,324,21
39:14.6,91.86368791,138,20,20,437,323,21
39:14.7,91.73373226,137,20,20,437,323,21
39:14.7,91.66368676,137,20,20,441,326,21
39:14.8,91.70713879,137,20,20,437,323,21
39:14.8,91.71385099,137,20,20,437,323,21
39:15.1,91.78582054,137,20,20,437,322,21
39:15.1,91.79327609,136,20,20,441,325,21
39:15.1,91.82594733,136,20,20,437,322,21
39:15.1,91.81311055,136,20,20,437,322,21
39:15.1,91.72643001,136,20,20,436,322,21
39:15.1,91.66721389,136,20,20,440,325,21
39:15.2,91.70049812,135,20,20,436,321,21
39:15.2,91.67556617,135,20,20,436,321,21
39:15.3,91.67524553,135,20,20,436,321,21
39:15.3,91.68367044,135,20,20,439,324,21
39:15.4,91.66845495,135,20,20,436,321,21
39:15.4,91.59357868,135,20,20,436,321,21
39:15.4,91.57946964,134,20,20,435,321,21
39:15.5,91.62694183,134,20,20,436,324,21
39:15.6,91.72970778,134,20,20,435,321,21
39:15.6,91.88011357,134,19,20,435,321,21
39:15.7,91.86865005,134,20,20,435,321,21
39:15.7,91.74966685,134,20,20,435,323,21
39:15.8,91.59790743,133,20,20,435,320,21
39:15.8,91.50212417,133,20,20,435,320,21
39:15.9,91.42265997,133,20,20,435,320,21
39:15.9,91.48056004,133,19,20,436,323,21
39:16.0,91.53390616,133,20,20,436,320,21
39:16.0,91.44490495,133,19,20,435,320,21
39:16.0,91.36458032,133,20,20,435,320,21
39:16.1,91.18746497,132,20,20,435,322,21
39:16.2,91.04952451,132,20,20,436,320,21
39:16.2,90.8822067,133,20,20,436,320,21
39:16.3,90.77795141,133,19,20,436,321,21
39:16.3,90.63271326,132,20,20,436,323,21
39:16.4,90.5451216,132,19,20,436,321,21
39:16.4,90.51571545,132,19,20,436,321,21
39:16.5,90.54236948,131,20,20,436,321,21
39:16.5,90.54366976,131,19,20,436,323,21
39:16.6,90.47396977,131,19,20,436,321,21
39:16.6,90.43949506,131,20,20,436,320,21
39:16.6,90.45588268,130,19,20,436,320,21
39:16.7,90.4341506,130,19,20,436,321,21
39:16.8,90.34211718,130,19,20,436,321,21
39:16.8,90.31192372,130,19,20,436,320,21
39:16.9,90.27173375,129,19,20,436,320,21
39:16.9,90.24857338,129,19,20,436,320,21
39:17.0,90.24437695,129,20,20,436,320,21
39:17.0,90.25183805,129,19,20,436,320,21
39:17.1,90.17685131,129,19,20,436,320,21
39:17.1,90.16487218,129,19,20,436,320,21
39:17.2,90.21486069,129,19,20,436,320,21
39:17.2,90.30729966,128,19,20,436,320,21
39:17.3,90.42413384,128,19,20,436,320,21
39:17.3,90.70641039,128,19,20,435,319,21
39:17.4,90.97465092,128,19,20,435,319,21
39:17.4,91.18157586,128,19,20,434,319,21
39:17.5,91.19063592,128,19,20,434,318,21
39:17.5,91.13780403,128,19,20,433,318,21
39:17.6,90.99603815,127,19,20,434,318,21
39:17.6,90.84656148,127,19,20,433,318,21
39:17.7,90.76813132,127,19,20,433,318,21
39:17.7,90.79241488,127,19,20,433,317,21
39:17.8,90.91096254,127,19,20,433,317,21
39:17.8,90.97331431,127,19,20,433,317,21
39:17.9,90.89195912,126,19,20,433,317,21
39:17.9,90.79416416,126,19,20,433,317,20
39:18.0,90.62435084,126,19,20,433,317,21
39:18.0,90.43386453,126,19,20,433,317,21
39:18.1,90.35138298,126,19,20,433,317,21
39:18.1,90.30961539,126,19,20,433,317,21
39:18.2,90.2929052,125,19,20,434,317,21
39:18.2,90.26207751,125,19,20,433,317,21
39:18.2,90.37551265,125,19,20,434,317,21
39:18.3,90.4630277,125,19,20,434,317,21
39:18.4,90.37116036,125,19,20,434,317,21
39:18.4,90.20331201,125,19,20,434,317,21
39:18.5,90.09321889,125,19,20,435,317,21
39:18.5,89.72656499,125,19,20,435,317,21
39:18.6,89.5675926,125,19,20,435,317,21
39:18.6,89.49532005,125,19,20,436,317,21
39:18.7,89.67463667,125,19,20,438,317,21
39:18.7,89.79684951,124,19,20,438,317,21
39:18.8,89.55743452,124,19,20,437,317,21
39:18.8,89.4512786,124,19,20,437,317,21
39:18.9,89.3870404,124,19,20,437,317,21
39:18.9,89.24643708,124,19,20,437,317,21
39:19.0,89.12707187,124,19,20,438,317,21
39:19.0,88.93998495,124,19,20,438,317,21
39:19.0,88.69217245,124,19,20,439,318,21
39:19.1,88.63007521,124,19,20,442,318,21
39:19.2,88.55775405,124,19,20,444,318,21
39:19.2,88.40717714,124,19,20,444,319,21
39:19.3,88.36896819,125,19,20,444,319,21
39:19.3,88.29161955,124,19,20,444,318,21
39:19.4,88.18428086,125,19,20,445,319,21
39:19.4,87.96995198,126,19,20,445,320,21
39:19.5,87.80735665,127,19,20,449,320,21
39:19.5,87.64893293,128,19,20,456,321,21
39:19.6,87.60638102,129,19,20,461,321,21
39:19.6,87.52180732,131,19,20,464,322,21
39:19.7,87.43799207,131,19,20,465,322,21
39:19.7,87.39280893,131,19,20,467,323,21
39:19.8,87.44690318,131,19,20,468,323,21
39:19.9,87.47145661,131,19,20,468,323,21
39:19.9,87.69328161,131,19,20,468,323,21
39:19.9,87.79080268,130,19,20,469,323,21
39:20.0,87.69404612,130,19,20,470,324,21
39:20.0,87.47918568,130,19,20,471,324,21
39:20.1,87.27675847,130,19,20,472,325,21
39:20.1,87.17645375,130,19,20,473,325,21
39:20.2,87.13751346,129,19,20,473,326,21
39:20.2,87.15396008,128,19,20,472,326,21
39:20.3,86.99064683,128,19,20,472,326,21
39:20.4,86.7706562,128,19,20,471,327,21
39:20.4,86.56391773,127,19,20,471,328,21
39:20.4,86.4680608,127,19,20,471,330,21
39:20.5,86.35632555,127,19,20,471,330,21
39:20.5,86.18619312,126,19,20,471,331,21
39:20.6,86.10611348,126,19,20,471,331,21
39:20.6,86.06401242,125,19,20,470,331,21
39:20.7,86.15289482,125,19,20,470,331,21
39:20.7,85.9912016,124,19,20,469,331,21
39:20.8,85.69837999,124,19,20,470,331,21
39:20.8,85.47298033,124,19,20,469,330,21
39:20.8,85.35933144,125,19,20,467,330,21
39:20.9,85.19664075,125,19,20,466,330,21
39:21.0,85.17091037,124,19,20,465,330,21
39:21.0,85.21749108,123,19,20,464,330,21
39:21.1,85.28418622,122,19,20,464,329,21
39:21.1,85.38166132,122,19,20,464,329,21
39:21.2,85.40759279,121,19,20,463,328,21
39:21.3,85.41556966,121,19,20,463,328,21
39:21.3,85.44667329,121,19,20,462,328,21
39:21.3,85.23003869,121,19,20,462,328,21
39:21.4,85.03665809,122,19,20,462,329,21
39:21.4,84.71559778,122,19,20,462,330,21
39:21.5,84.53896613,123,19,20,463,332,21
39:21.5,84.51240397,124,19,20,464,336,21
39:21.6,85.11714931,124,19,20,464,337,21
39:21.6,85.18677528,124,19,20,465,337,21
39:21.7,85.24096075,124,19,20,465,337,21
39:21.7,85.12554113,125,19,20,465,338,21
39:21.8,85.0009031,126,19,20,466,338,21
39:21.8,84.94218836,127,19,20,468,338,21
39:21.9,84.9208668,128,19,20,469,339,21
39:21.9,84.83439053,128,19,20,471,340,21
39:22.0,84.78544298,128,19,20,473,340,21
39:22.0,84.79573838,127,19,20,472,340,21
39:22.1,84.99262457,127,19,20,472,339,21
39:22.1,85.43343172,125,19,20,472,339,21
39:22.2,85.76814892,124,20,20,473,338,21
39:22.2,85.72662633,120,19,20,469,336,21
39:22.2,85.53893954,118,19,20,467,335,21
39:22.3,85.39616492,117,19,20,466,335,21
39:22.4,85.42275519,116,19,20,465,335,21
39:22.4,85.27137198,115,19,20,464,334,21
39:22.5,85.03683595,115,19,20,464,334,21
39:22.5,83.83740935,115,19,20,464,334,21
39:22.6,84.09120793,115,19,20,463,334,20
39:22.6,83.72548221,115,19,20,463,335,20
39:22.7,83.64341309,115,19,20,462,335,21
39:22.7,83.50124687,115,19,20,462,335,20
39:22.8,83.49684746,114,19,20,462,336,20
39:22.8,83.61695003,114,19,20,461,335,20
39:22.9,83.80094185,115,19,20,461,335,20
39:22.9,84.35737825,116,19,20,461,335,20
39:23.0,84.55124956,115,19,20,461,335,20
39:23.0,84.36419049,114,19,20,460,335,20
39:23.1,84.3616881,114,19,20,460,335,20
39:23.1,84.44669603,114,19,20,460,335,20
39:23.2,84.59273176,114,19,20,461,336,20
39:23.2,84.41411942,115,19,20,462,336,20
39:23.2,83.86925488,115,19,20,463,336,20
39:23.3,84.30667603,115,19,20,464,336,20
39:23.4,84.57326845,117,19,20,465,336,20
39:23.4,84.74533903,116,19,20,465,336,20
39:23.5,84.92166039,117,19,20,466,336,20
39:23.5,85.17835733,116,19,20,466,335,20
39:23.6,85.68382147,115,19,20,465,336,20
39:23.6,85.93297704,115,19,20,463,336,20
39:23.7,85.89679068,114,19,20,462,335,20
39:23.7,85.58341494,114,19,20,461,335,20
39:23.8,85.56244308,113,19,20,461,335,20
39:23.8,85.333089,112,19,20,460,335,20
39:23.9,85.08718296,111,19,20,460,334,20
39:23.9,84.74894176,111,19,20,459,333,20
39:24.0,84.66041687,109,19,20,459,333,20
39:24.0,84.57819471,109,19,20,459,333,20
39:24.1,84.51019398,108,19,20,459,333,20
39:24.1,84.47178664,108,19,20,459,333,20
39:24.2,84.39517196,108,19,20,459,333,20
39:24.2,84.27630817,108,19,20,458,333,20
39:24.2,84.180758,107,19,20,458,333,20
39:24.3,84.16999661,107,19,20,458,333,20
39:24.4,84.1043404,107,19,20,458,333,20
39:24.4,84.07532597,106,19,20,458,333,20
39:24.5,84.0527735,106,19,20,458,333,20
39:24.5,84.09676718,107,19,20,458,333,20
39:24.6,84.15094163,107,19,20,458,333,20
39:24.6,84.14261903,106,19,20,458,333,20
39:24.6,84.17390482,106,19,20,458,333,20
39:24.7,84.24076934,106,19,20,459,333,20
39:24.8,84.07884011,107,19,20,467,334,20
39:24.8,83.68803419,107,19,20,473,334,20
39:24.9,83.30860063,107,19,20,479,335,20
39:24.9,83.07964716,107,19,20,482,337,20
39:25.0,82.94783133,106,19,20,483,338,20
39:25.0,83.20619518,105,19,20,482,338,20
39:25.0,83.1952819,105,19,20,480,338,20
39:25.1,83.09383279,105,19,20,478,338,20
39:25.2,84.06836702,106,19,20,475,338,20
39:25.2,84.30798372,108,19,20,473,338,20
39:25.3,84.3189059,107,19,20,470,338,20
39:25.3,84.35508838,107,19,20,468,337,20
39:25.4,84.40313752,107,19,20,468,337,20
39:25.4,84.42819254,107,19,20,467,336,20
39:25.4,84.42631696,107,19,20,466,335,20
39:25.5,84.38402245,106,19,20,466,335,20
39:25.6,84.27876032,106,19,20,466,335,20
39:25.6,84.32171487,106,19,20,466,335,20
39:25.7,83.62211711,106,19,20,465,335,20
39:25.7,83.36514237,106,19,20,465,335,20
39:25.8,83.24330682,106,19,20,465,335,20
