54:48.0,164.3618284,498,24,19,271,20,20
54:48.1,165.7749777,498,23,19,269,20,20
54:48.1,164.9335568,494,23,19,271,21,20
54:48.2,164.421885,476,23,19,261,21,20
54:48.3,162.7205399,456,22,19,253,21,20
54:48.3,162.2894049,451,22,19,253,22,20
54:48.4,161.1843307,443,22,19,250,22,20
54:48.4,161.7139604,432,21,19,247,23,20
54:48.4,161.0352308,425,21,19,244,22,20
54:48.5,161.1678368,442,21,19,255,21,20
54:48.6,159.6819673,474,22,19,275,21,20
54:48.6,159.1616535,503,23,19,290,20,20
54:48.7,160.5339175,516,23,19,293,20,20
54:48.7,160.8919917,516,23,19,292,20,20
54:48.7,161.8288416,513,23,19,290,20,20
54:48.8,161.9079619,508,23,19,287,20,20
54:48.8,162.2367568,505,23,19,284,20,20
54:49.0,162.5813043,502,23,19,280,20,20
54:49.0,162.8121846,501,23,19,277,20,20
54:49.0,162.7514883,497,23,19,272,20,20
54:49.1,162.828874,495,23,19,269,20,20
54:49.1,162.6870602,493,23,19,267,20,20
54:49.1,162.6907522,491,23,19,264,20,20
54:49.2,162.7843204,489,23,19,262,20,20
54:49.3,162.7808608,488,23,19,261,20,20
54:49.3,162.7417316,487,23,19,260,20,20
54:49.4,162.8750735,487,23,19,260,20,20
54:49.4,162.8055228,487,23,19,259,20,20
54:49.5,162.6378872,486,23,19,258,20,20
54:49.5,162.8663248,486,23,19,257,20,20
54:49.6,162.8411781,487,23,19,257,20,20
54:49.6,163.0143507,487,23,19,257,20,20
54:49.7,163.0474698,487,23,19,256,20,20
54:49.7,163.3909552,486,23,18,255,20,20
54:49.7,163.6439116,484,23,18,255,20,20
54:49.8,163.8008696,484,23,19,255,20,20
54:49.8,163.9372506,484,23,18,254,20,20
54:49.9,163.810935,483,24,18,252,20,20
54:49.9,162.9000403,483,24,18,254,20,20
54:50.0,160.2249404,486,24,18,260,20,20
54:50.1,160.2166569,488,24,18,267,20,20
54:50.1,160.1308551,489,24,18,269,20,20
54:50.1,160.1735027,489,25,18,268,20,20
54:50.2,160.2620956,489,25,18,267,20,20
54:50.3,159.6565663,489,25,18,267,20,20
54:50.3,159.8825095,488,25,18,267,20,20
54:50.3,159.869621,489,25,18,267,20,20
54:50.4,159.887396,489,25,18,267,20,20
54:50.5,160.1616327,489,25,18,266,20,19
54:50.5,161.4627027,488,25,18,266,20,19
54:50.6,161.5936698,488,25,18,265,20,19
54:50.6,161.7497393,488,25,18,265,20,19
54:50.7,161.7292486,487,25,18,264,20,19
54:50.7,162.0232507,487,25,18,264,20,19
54:50.7,161.9962879,487,25,18,263,20,19
54:50.8,161.937248,486,25,18,262,20,19
54:50.9,161.8963499,488,25,18,262,20,19
54:50.9,161.8067099,486,24,18,261,20,19
54:50.9,161.3969266,486,24,18,261,20,19
54:51.0,161.2198724,486,24,18,261,20,19
54:51.1,160.801818,486,24,18,261,20,19
54:51.1,160.806757,486,24,18,261,20,19
54:51.1,161.9163923,486,24,18,261,20,19
54:51.2,161.1856966,486,24,18,260,20,19
54:51.3,161.594547,486,24,18,259,20,19
54:51.3,161.6411151,485,24,18,258,20,19
54:51.3,161.7463928,485,24,18,258,20,19
54:51.4,161.6580214,485,24,18,258,20,19
54:51.5,161.8074285,485,24,18,258,20,19
54:51.5,162.7507131,484,24,18,258,20,19
54:51.6,162.4675556,484,24,18,257,20,19
54:51.6,162.4595786,484,24,18,257,20,19
54:51.7,162.734722,484,24,18,257,20,19
54:51.7,162.8414138,484,24,18,257,20,19
54:51.7,162.8639518,484,24,18,257,20,19
54:51.8,162.8295376,484,24,18,257,20,19
54:51.8,162.704601,488,24,18,257,20,19
54:51.9,162.6694271,484,24,18,256,20,19
54:51.9,162.8281042,484,24,18,256,20,19
54:52.0,162.968177,484,24,18,255,20,19
54:52.0,162.9970221,484,24,18,255,20,19
54:52.1,162.9921144,483,24,18,255,20,19
54:52.1,162.9368308,483,24,18,255,20,19
54:52.2,162.949769,483,24,18,254,20,19
54:52.2,162.8991577,483,24,18,254,20,19
54:52.3,163.0852477,483,24,18,254,20,19
54:52.4,163.1478016,483,24,18,253,20,19
54:52.4,163.189209,483,24,18,253,20,19
54:52.5,163.2566743,483,24,18,253,20,19
54:52.5,163.1845662,482,24,18,253,20,19
54:52.6,163.0460907,482,24,18,252,20,19
54:52.6,163.0488973,483,24,18,252,20,19
54:52.7,162.9476854,483,24,18,252,20,19
54:52.7,162.9985744,483,24,18,251,20,19
54:52.7,163.1837708,483,24,18,251,20,19
54:52.8,163.2693059,483,24,18,250,20,19
54:52.9,163.2792986,482,24,18,251,20,19
54:52.9,163.2463719,482,24,18,249,20,19
54:52.9,163.149692,482,24,18,249,20,19
54:53.0,163.0979644,482,24,18,249,20,19
54:53.0,162.9718333,482,24,18,249,20,19
54:53.1,162.9103396,482,24,18,248,20,19
54:53.2,162.9616768,483,24,18,248,20,19
54:53.2,162.964206,483,24,18,248,20,19
54:53.3,162.7274259,483,24,18,246,20,19
54:53.3,162.9704522,482,24,18,245,20,19
54:53.3,163.1696814,482,24,18,244,20,19
54:53.4,163.1872905,482,24,18,244,20,19
54:53.5,163.1049869,482,24,18,243,20,19
54:53.5,163.1756204,482,24,18,243,20,19
54:53.6,163.1158086,482,24,18,242,20,19
54:53.6,163.0357503,482,24,18,241,20,19
54:53.7,163.071971,482,24,18,241,20,19
54:53.7,163.1129665,482,24,18,240,20,19
54:53.7,163.1100447,482,24,18,240,20,19
54:53.8,163.1760124,482,24,18,239,20,19
54:53.9,163.2089749,482,24,18,239,19,19
54:53.9,163.1712537,481,24,18,239,20,19
54:53.9,163.1457604,481,24,18,239,20,19
54:54.0,163.217536,481,24,18,238,20,19
54:54.1,163.1699976,481,24,18,238,20,19
54:54.1,163.1209379,481,24,18,238,20,19
54:54.2,162.9921097,481,24,18,238,20,19
54:54.2,162.9056554,481,24,18,237,20,19
54:54.3,162.8004249,481,24,18,237,20,19
54:54.3,162.8786682,481,24,18,237,20,19
54:54.3,162.8335289,481,24,18,237,20,19
54:54.4,162.9101581,481,24,18,237,20,19
54:54.5,162.8862098,481,24,18,237,20,19
54:54.5,162.9412884,481,24,18,237,20,19
54:54.6,162.8931997,481,24,18,236,20,19
54:54.6,162.8700448,481,24,18,236,20,19
54:54.7,162.8338733,481,24,18,236,20,19
54:54.7,162.8833053,481,24,18,236,20,19
54:54.7,162.8770366,481,24,18,236,20,19
54:54.8,162.9132566,481,24,18,236,20,19
54:54.9,162.9376499,481,24,18,236,20,19
54:54.9,162.8691286,480,24,18,236,20,19
54:55.0,163.0300139,480,24,18,236,20,19
54:55.0,162.9758971,480,24,18,236,20,19
54:55.1,162.8877523,480,24,18,235,20,19
54:55.1,162.9442634,480,24,18,235,20,19
54:55.1,163.0104908,480,24,18,235,20,19
54:55.2,163.0649638,480,24,18,235,20,19
54:55.3,163.032411,480,24,18,235,20,19
54:55.3,162.8985308,480,24,18,235,20,19
54:55.4,163.0118173,480,24,18,235,20,19
54:55.4,163.0065878,480,24,18,235,20,19
54:55.5,163.0633148,480,24,18,235,20,19
54:55.5,163.0248694,480,24,18,234,20,19
54:55.5,162.9138519,480,24,18,234,20,19
54:55.6,162.7935602,480,24,18,234,20,19
54:55.7,162.7506733,480,24,18,234,20,19
54:55.7,162.823671,480,24,18,234,20,19
54:55.7,162.8038522,480,24,18,233,19,19
54:55.8,162.862162,480,24,18,233,20,19
54:55.9,162.9060809,480,24,18,233,20,19
54:55.9,162.9074444,480,24,18,233,20,19
54:55.9,162.8629649,480,24,18,233,19,19
54:56.0,162.7886606,480,24,18,233,19,19
54:56.0,162.831847,480,24,18,233,20,19
54:56.1,162.9313985,479,24,18,233,19,19
54:56.1,162.9218079,479,24,18,233,19,19
54:56.2,162.8718743,479,24,18,232,20,19
54:56.3,162.6613203,480,24,18,232,19,19
54:56.3,162.7338379,479,24,18,232,19,19
54:56.3,162.9107169,480,24,18,232,19,19
54:56.4,162.9221542,479,24,18,232,19,19
54:56.5,162.897316,480,24,18,232,19,19
54:56.5,162.814219,479,24,18,232,20,19
54:56.5,162.8206706,479,24,18,232,19,19
54:56.6,162.9039031,479,24,18,232,19,19
54:56.6,162.9722255,479,24,18,232,19,19
54:56.7,163.0184883,479,24,18,232,19,19
54:56.8,163.0151058,479,24,18,231,19,19
54:56.8,162.9059707,479,24,18,231,19,19
54:56.8,162.9548798,479,24,18,232,19,19
54:56.9,162.9417621,479,24,18,231,19,19
54:56.9,162.9960174,479,24,18,231,19,19
54:57.0,163.2421021,479,24,18,231,19,19
54:57.1,163.8937141,479,24,18,231,20,19
54:57.1,164.434452,478,24,18,231,20,19
54:57.1,164.0206749,477,24,19,233,20,20
54:57.2,162.5249082,463,22,19,235,21,20
54:57.3,159.6980909,420,21,19,237,22,20
54:57.3,156.7998131,365,21,19,232,25,20
54:57.3,154.1007581,319,20,19,228,30,21
54:57.4,151.4925792,287,20,19,226,42,22
54:57.5,148.5503124,269,20,19,214,74,24
54:57.5,145.6395356,257,20,19,203,121,27
54:57.5,142.5079552,243,20,19,183,153,36
54:57.6,138.95523,233,20,19,159,186,51
54:57.7,134.9266623,228,20,19,137,218,81
54:57.7,130.3638926,225,20,19,95,247,123
54:57.7,126.3952256,224,20,19,54,268,158
54:57.8,122.9819344,223,20,19,36,287,188
54:57.9,119.5621144,223,20,19,30,301,212
54:57.9,116.4631202,226,20,19,27,311,229
54:58.0,113.5098724,227,20,19,26,316,247
54:58.0,110.53321,229,20,19,25,324,262
54:58.1,107.5695137,227,20,19,25,332,273
54:58.1,104.7124886,227,20,19,24,338,285
54:58.1,101.7490072,224,19,19,24,343,294
54:58.2,98.83042329,224,19,19,24,347,302
54:58.2,96.41035631,220,19,19,24,352,308
54:58.3,93.6574236,216,19,19,24,355,316
54:58.4,90.69186893,209,19,19,23,358,319
54:58.4,88.00077701,204,19,19,23,361,326
54:58.5,85.30486341,195,19,19,23,363,329
54:58.5,82.86013367,186,19,19,23,366,332
54:58.5,80.54375045,181,19,19,23,370,335
54:58.6,77.6727231,169,19,19,23,373,337
54:58.7,74.83564208,163,19,19,23,376,341
54:58.7,72.24386235,160,19,19,23,379,344
54:58.7,69.83623885,147,19,19,23,382,348
54:58.8,67.25344317,138,19,19,23,384,351
54:58.9,64.56190663,132,19,19,23,387,354
54:58.9,61.6138541,128,19,19,23,390,356
54:58.9,59.58330151,124,19,19,23,391,358
54:59.0,57.37649672,118,19,19,23,393,360
54:59.1,54.63228397,117,19,19,23,395,363
54:59.1,52.27922415,115,19,19,23,396,363
54:59.1,50.37551922,111,18,19,23,399,364
54:59.2,47.55432065,103,18,19,23,402,366
54:59.2,44.91648691,91,18,19,23,404,369
54:59.3,42.59923112,83,18,19,23,406,369
54:59.4,40.63374036,76,18,19,23,408,371
54:59.4,39.27519765,70,18,19,23,409,371
54:59.5,37.43083532,65,18,19,23,410,373
54:59.5,35.34159058,59,18,19,23,410,374
54:59.6,33.11104431,52,18,19,23,412,375
54:59.6,31.27623473,46,18,19,23,413,377
54:59.7,30.11801707,40,18,19,23,414,377
54:59.7,29.35315485,37,18,19,23,414,377
54:59.8,28.91751118,35,18,19,23,415,376
54:59.8,28.92606067,33,18,19,23,414,374
54:59.9,29.40982607,32,18,19,23,414,373
54:59.9,29.75360235,31,18,19,23,413,372
55:00.0,30.42656834,31,18,19,23,412,371
55:00.0,31.35166426,31,18,19,23,412,370
55:00.1,32.37563205,32,18,19,23,412,368
55:00.1,33.98900466,32,18,19,23,411,367
55:00.2,36.27622798,35,18,19,22,410,366
55:00.2,38.51147947,39,18,19,22,410,364
55:00.3,40.23446146,41,18,19,22,407,361
55:00.3,41.31107052,45,18,19,22,405,357
55:00.4,43.11732081,52,18,19,22,402,355
55:00.4,44.6404721,62,18,19,22,401,352
55:00.5,46.52487952,79,18,19,22,400,350
55:00.5,49.77986111,99,18,19,22,398,348
55:00.5,52.19634694,112,18,19,22,395,344
55:00.6,54.18458749,116,19,19,22,393,339
55:00.7,56.9100819,125,19,19,22,389,336
55:00.7,59.74636016,133,19,19,22,385,331
55:00.7,62.21939486,140,19,19,22,381,327
55:00.8,64.58290062,144,19,19,22,377,323
55:00.9,66.14053173,148,19,19,22,374,319
55:00.9,68.2302519,153,19,19,22,371,316
55:00.9,70.60732884,161,19,19,22,368,312
55:01.0,72.87417229,165,19,19,22,365,307
55:01.1,75.19567998,170,19,19,22,363,304
55:01.1,77.76376246,178,19,19,22,358,299
55:01.2,80.49788855,183,20,19,22,354,295
55:01.2,83.45360418,191,20,19,22,349,290
55:01.3,86.48320039,200,20,19,22,344,281
55:01.3,89.3701296,207,20,19,23,337,274
55:01.4,92.11228269,215,20,19,23,332,267
55:01.4,94.74533,221,20,19,23,326,256
55:01.5,97.44974062,228,20,19,23,319,248
55:01.5,99.97647992,232,20,19,24,312,236
55:01.5,102.7270022,233,20,19,24,305,224
55:01.6,105.2737635,234,20,19,25,298,211
55:01.7,108.0798676,234,20,19,25,291,198
55:01.7,110.6847788,235,21,19,26,282,181
55:01.8,113.1523789,239,21,19,26,273,167
55:01.8,115.5315585,239,21,19,26,261,150
55:01.8,118.275406,241,21,19,28,253,133
55:01.9,121.4315771,244,21,19,29,242,112
55:01.9,123.7049885,244,21,19,30,227,89
55:02.0,125.8191313,246,21,19,33,213,68
55:02.1,128.9269854,246,21,19,38,200,51
55:02.1,131.2492263,250,21,19,49,184,40
55:02.1,133.8069466,251,21,19,73,166,34
55:02.2,136.490841,254,21,19,91,142,31
55:02.3,139.0964362,257,21,19,120,115,28
55:02.3,141.2696525,261,21,19,146,88,26
55:02.3,143.0881119,261,21,19,163,59,25
55:02.4,144.894566,266,21,19,175,43,25
55:02.4,147.0287914,268,21,19,186,35,24
55:02.5,149.1097876,267,21,19,198,31,24
55:02.5,151.2461187,274,21,19,207,28,24
55:02.6,153.7232885,282,21,19,214,26,23
55:02.7,155.9817421,290,21,19,219,26,23
55:02.7,157.933857,300,22,19,218,25,23
55:02.8,159.7703222,311,22,19,218,25,23
55:02.8,161.376631,322,22,19,219,24,23
55:02.9,163.2421179,337,22,19,219,24,22
55:02.9,165.4657373,357,22,19,220,24,22
55:02.9,167.0377513,386,22,19,222,23,22
55:03.0,167.5956945,412,23,19,220,23,22
55:03.1,167.4168177,434,23,19,219,23,22
55:03.1,166.888001,450,23,19,216,23,22
55:03.1,166.3184952,460,24,19,213,22,22
55:03.3,165.8804965,467,24,19,210,22,22
55:03.3,165.6309232,472,24,19,208,22,22
55:03.3,165.5869659,472,24,19,205,22,21
55:03.4,165.6019216,471,24,19,203,22,21
55:03.4,165.8196398,469,23,19,202,22,21
55:03.5,165.8499856,468,23,19,201,22,21
55:03.5,165.8219958,466,23,19,200,21,21
55:03.5,165.7802694,465,23,19,200,21,21
55:03.7,165.8411956,464,23,19,199,21,21
55:03.7,166.0071106,464,23,19,198,21,21
55:03.7,166.0282317,463,23,19,198,21,21
55:03.8,166.2925751,463,23,19,197,21,21
55:03.8,166.8475726,462,23,19,196,21,21
55:03.9,167.2905428,458,23,19,196,21,21
55:03.9,167.4246699,449,23,19,198,22,21
55:03.9,167.3397166,440,22,19,199,22,21
55:04.0,166.9738221,429,22,19,202,22,21
55:04.0,166.0445577,417,22,19,205,22,21
55:04.1,164.543901,402,21,19,208,22,22
55:04.2,162.7976532,378,21,19,211,23,22
55:04.2,160.8701798,352,21,19,214,24,22
55:04.4,158.7709011,325,21,19,219,24,22
55:04.4,156.1346676,303,21,19,220,25,22
55:04.4,153.637506,286,21,19,220,25,23
55:04.4,150.9894549,273,20,19,218,27,23
55:04.5,148.4488175,262,20,19,216,29,24
55:04.5,145.9867544,252,20,19,213,33,24
55:04.6,143.2960706,244,20,19,205,44,25
55:04.6,140.4833088,238,20,19,195,72,26
55:04.7,137.3332675,232,20,19,180,116,28
55:04.7,133.8571345,229,20,19,161,161,31
55:04.8,130.5192113,227,20,19,133,197,38
55:04.8,126.8517308,225,20,19,94,229,53
55:04.9,123.0526323,228,20,19,56,256,87
55:04.9,118.2453055,229,20,19,37,277,119
55:05.0,114.6074254,235,20,19,31,293,150
55:05.0,110.67191,236,20,19,28,306,181
55:05.1,106.8033291,237,20,19,26,318,209
55:05.1,103.5231044,239,20,19,25,328,235
55:05.3,98.84743256,235,20,19,24,339,258
55:05.3,93.85921075,230,20,19,24,348,277
55:05.4,87.16893082,226,19,19,24,356,299
55:05.7,39.38943828,120,18,19,23,408,370
55:05.7,38.38113631,86,18,19,23,411,372
55:05.7,40.0865593,61,18,19,23,410,370
55:05.9,39.92505567,51,18,19,23,408,368
55:05.9,38.46516153,46,18,19,22,407,366
55:05.9,37.7083315,43,18,19,22,406,365
55:05.9,37.38940376,40,18,19,22,405,365
55:05.9,36.8829804,39,18,19,22,405,365
55:06.0,36.20315999,38,18,19,22,405,365
55:06.0,35.72293825,38,18,19,22,405,365
55:06.0,35.79295236,36,18,19,22,405,365
55:06.1,36.63158117,35,18,19,22,405,364
55:06.1,38.07950758,37,18,19,22,405,364
55:06.1,40.39302405,41,18,19,22,404,361
55:06.2,42.33264257,50,18,19,22,403,359
55:06.3,43.81740861,61,18,19,22,400,356
55:06.3,45.47701941,72,18,18,22,398,353
55:06.4,47.41877982,85,18,19,22,396,350
55:06.4,49.12531335,98,18,18,22,394,347
55:06.5,51.97876315,113,18,19,22,391,345
55:06.5,53.62875326,122,18,19,22,389,340
55:06.6,54.99081065,125,18,19,22,386,337
55:06.6,55.54208651,127,18,19,22,384,334
55:06.7,57.03030135,130,19,19,22,383,331
55:06.8,58.79407729,133,19,19,22,381,328
55:06.8,60.59683153,137,19,19,22,380,326
55:06.8,62.29698252,141,19,19,22,378,323
55:06.8,64.00287932,144,19,19,22,375,320
55:07.0,66.06707597,146,19,19,22,372,318
55:07.0,68.04857911,152,19,19,22,369,314
55:07.0,70.10201171,162,19,19,22,366,310
55:07.0,72.75142544,170,19,19,22,364,305
55:07.1,75.06824417,178,19,19,22,360,301
55:07.1,77.46251378,184,20,19,22,356,295
55:07.4,79.60000869,185,20,19,22,351,289
55:07.4,81.6290112,189,20,19,22,348,284
55:07.4,84.12178563,194,20,19,22,343,278
55:07.5,86.68261778,200,20,19,23,339,270
55:07.5,89.56605905,204,20,19,23,333,264
55:07.5,91.92895712,211,20,19,23,329,257
55:07.5,95.01091156,219,20,19,23,322,246
55:07.6,98.25472552,226,20,19,24,316,234
55:07.6,101.9262876,233,20,19,24,308,221
55:07.8,105.5517947,240,20,19,25,298,205
55:07.8,109.8217845,244,20,19,26,285,181
55:07.8,116.0278832,248,21,19,27,267,150
55:08.0,166.7845009,352,23,19,224,27,25
55:08.0,166.6997774,401,23,19,192,25,23
55:08.1,166.3202495,408,23,19,183,24,23
55:08.1,166.7116955,406,23,19,179,23,23
55:08.2,166.6263157,402,22,19,177,23,22
55:08.2,166.6346195,399,22,19,176,23,22
55:08.3,166.70661,397,22,19,175,23,22
55:08.3,166.8508826,394,22,19,173,23,22
55:08.4,166.7752049,393,22,19,171,23,22
55:08.4,166.9013575,392,22,19,170,23,22
55:08.5,166.3312501,392,22,19,169,23,22
55:08.5,166.3469676,391,22,19,167,23,22
55:08.5,166.3406027,390,22,19,166,23,22
55:08.6,166.3599196,390,22,19,165,22,22
55:08.7,166.4601709,389,22,19,164,22,22
55:08.7,166.4012856,388,22,19,162,22,22
55:08.7,166.5110036,388,22,19,162,22,22
55:08.8,166.5404413,387,22,19,161,22,22
55:08.9,166.5162949,387,22,19,160,22,22
55:08.9,166.5145314,386,22,19,158,22,22
55:08.9,166.496312,386,22,19,157,22,22
55:09.0,167.174017,386,22,19,156,22,22
55:09.1,166.7748166,386,22,19,156,22,22
55:10.3,50.12314605,116,19,18,22,394,355
55:10.4,48.29561383,109,18,19,22,396,358
55:10.4,46.4431999,102,18,19,22,397,360
55:10.5,44.89717735,94,18,19,22,398,359
55:10.6,43.87712554,87,18,19,22,399,359
55:10.6,43.40171537,81,18,19,22,399,358
55:10.7,42.57085103,75,18,19,22,399,359
55:10.7,41.29292363,72,18,19,22,399,360
55:10.7,39.64893613,69,18,19,22,400,361
55:10.8,38.03128638,63,18,19,22,402,362
55:10.9,36.83781666,58,18,19,22,403,366
55:10.9,36.05962093,52,18,18,22,403,367
55:11.0,35.57541183,49,18,19,22,403,366
55:11.0,36.43520701,45,18,18,22,402,365
55:11.1,42.1678814,45,18,19,22,403,363
55:12.6,161.5896185,298,21,19,148,25,23
55:12.7,163.0870583,305,22,19,146,24,23
55:12.8,163.9822496,313,22,19,143,24,23
55:12.8,164.5913174,324,22,19,141,24,22
55:12.9,165.134382,336,22,19,139,23,22
55:12.9,165.081957,344,22,19,136,23,22
55:13.0,164.9403828,346,22,19,137,23,22
55:13.0,164.886912,351,22,19,143,23,22
55:13.0,164.6718041,370,22,19,142,23,22
55:13.1,164.6339887,386,22,19,140,23,22
55:13.1,164.2904739,398,22,19,136,22,22
55:13.2,163.7443593,403,22,19,130,22,22
55:13.3,164.2831929,404,22,19,127,22,22
55:13.3,164.2450029,399,22,19,125,22,22
55:13.3,164.2392404,398,22,19,123,22,21
55:13.4,164.2732959,396,22,19,122,22,21
55:13.4,164.3951105,398,22,19,122,22,21
55:13.5,164.3844687,395,22,19,121,22,21
55:13.5,164.2548058,394,22,19,120,22,21
55:13.6,164.5611134,392,22,19,119,22,21
55:13.6,164.2761407,392,22,19,119,22,21
55:13.7,164.2514227,388,22,19,118,22,21
55:13.8,164.1553253,387,22,19,117,22,21
55:13.8,164.4064546,386,22,19,117,22,21
55:13.8,164.5836301,388,22,19,117,22,21
55:13.9,164.6287653,382,21,19,117,22,21
55:13.9,164.5132274,376,21,19,120,22,22
55:14.0,163.7502016,361,21,19,129,22,22
55:14.1,157.3046832,319,21,19,144,24,22
55:14.8,165.8314854,327,22,19,138,26,25
55:14.8,166.4537704,358,23,19,111,24,24
55:14.9,165.5823132,367,22,19,106,23,23
55:15.0,164.0847483,360,22,19,111,23,23
55:15.0,163.7384271,354,22,19,115,23,23
55:15.1,163.7141972,355,22,19,116,23,23
55:15.1,163.7024602,348,21,19,115,23,22
55:15.2,163.6996413,347,21,19,113,23,22
55:15.2,163.7015411,347,21,19,112,23,22
55:15.3,163.9746331,353,21,19,111,22,22
55:15.3,164.1852357,347,21,19,107,22,22
55:15.4,164.3620985,347,21,19,105,22,22
55:15.4,164.6568078,346,21,19,103,22,22
55:15.5,166.0135356,349,21,19,101,22,22
55:15.5,166.0372065,341,21,19,98,22,22
55:15.5,165.7372362,337,21,19,95,22,22
55:15.6,164.6263019,326,21,19,93,23,22
55:15.7,162.2292224,310,21,19,93,24,23
55:15.7,158.7948304,292,21,19,97,24,23
55:15.7,154.5499017,272,21,19,101,25,23
55:15.8,150.242394,260,20,19,106,27,24
55:15.8,146.4799979,251,21,19,107,30,25
55:15.9,142.349291,237,20,19,101,35,26
55:16.0,138.8422173,231,20,19,87,51,27
55:16.0,135.7417938,225,20,19,66,89,28
55:16.0,132.8067518,228,20,19,50,127,30
55:16.1,130.2633756,221,20,19,38,161,34
55:16.1,126.9783544,221,20,19,31,194,41
55:16.2,124.3194713,224,20,19,28,217,53
55:16.2,121.4429651,234,20,19,27,234,78
55:16.3,118.4776805,231,20,19,26,248,100
55:16.4,116.2320842,232,20,19,25,263,118
55:16.4,113.9209192,237,20,19,24,276,138
55:16.5,111.6803531,238,20,19,24,286,162
55:16.5,109.0931871,233,20,19,23,293,180
55:16.5,106.6853907,231,20,19,23,302,196
55:16.6,103.6904342,228,20,19,23,308,213
55:16.7,101.1355918,229,20,19,23,315,228
55:16.7,98.7446665,221,20,19,22,322,242
55:16.7,96.19630773,218,19,19,22,328,254
55:16.8,93.8106535,215,19,19,22,333,265
55:16.8,91.48213592,217,20,19,22,338,274
55:16.9,89.09979014,208,19,19,22,342,280
55:16.9,86.76001176,206,19,19,22,346,287
55:17.0,84.30465647,200,19,19,22,351,296
55:17.0,82.05549081,200,20,19,22,356,303
55:17.1,80.2015119,192,19,19,22,357,306
55:17.2,78.66403678,188,19,19,22,359,310
55:17.2,77.4052421,181,19,19,22,359,311
55:17.3,76.54817608,181,19,19,22,363,312
55:17.3,75.60143623,174,19,19,22,362,313
55:17.4,74.62207482,170,19,19,22,362,315
55:17.4,73.93112676,166,19,19,21,363,315
55:17.5,73.53493361,166,19,19,22,365,316
55:17.5,73.57994696,158,19,18,21,363,314
55:17.5,74.5130993,155,19,18,21,362,312
55:17.6,76.40327415,159,19,19,21,361,310
55:17.6,78.46644988,171,19,19,21,360,308
55:17.7,80.16345365,176,19,19,21,356,301
55:17.7,81.68630667,183,19,19,21,352,297
55:17.8,83.13037933,187,19,19,21,348,292
55:17.9,84.54763617,193,19,19,22,346,286
55:17.9,85.78406314,190,19,19,22,341,279
55:17.9,86.81733253,192,19,19,21,338,274
55:18.0,88.48674283,194,19,19,22,335,268
55:18.1,90.81222907,205,20,19,22,333,262
55:18.1,92.92297039,205,19,19,22,325,251
55:18.1,94.69486464,209,19,19,22,319,243
55:18.2,96.09836636,211,19,19,22,313,233
55:18.3,97.3421074,218,20,19,23,310,225
55:18.3,98.58624307,216,19,19,22,304,216
55:18.3,99.6895222,218,19,19,22,299,209
55:18.4,100.7553841,218,19,19,23,295,202
55:18.4,101.8979461,225,20,19,23,293,195
55:18.5,102.9981767,222,19,19,23,288,187
55:18.5,104.3568241,223,20,19,23,283,180
55:18.6,105.5979668,227,20,19,23,278,173
55:18.6,106.8689088,234,20,19,23,275,166
55:18.7,107.9127611,229,20,19,23,268,158
55:18.7,109.5918856,229,20,19,23,263,151
55:18.8,110.5731417,229,20,19,23,258,142
55:18.9,111.4037118,233,20,19,23,255,135
55:18.9,112.0036556,226,20,19,23,249,127
55:18.9,111.7478631,224,20,19,23,245,121
55:19.0,111.9758459,223,20,19,23,242,116
55:19.1,111.9690609,226,20,19,23,241,112
55:19.1,112.1307079,218,20,19,23,238,108
55:19.2,111.5223398,217,20,19,23,236,106
55:19.2,110.9222248,216,20,19,23,236,105
55:19.3,110.4404812,219,20,19,23,237,105
55:19.3,109.8844514,212,19,19,23,237,107
55:19.3,109.1620986,211,19,19,22,240,110
55:19.4,108.3382944,211,19,19,22,243,115
55:19.4,107.257761,215,20,19,22,249,125
55:19.5,105.6242708,209,19,19,22,254,135
55:19.5,104.5123247,208,19,19,22,261,148
55:19.6,103.1619338,206,19,19,22,267,157
55:19.6,101.9443183,209,19,19,22,274,170
55:19.7,100.5374127,204,19,19,22,280,180
55:19.7,99.35050961,202,19,19,22,286,189
55:19.8,98.1277806,201,19,19,22,290,198
55:19.9,96.67292596,204,19,19,22,297,209
55:19.9,95.17237841,199,19,19,21,301,220
55:20.0,93.52437874,197,19,19,21,307,231
55:20.0,91.4704025,193,19,18,21,314,242
55:20.1,88.52399322,197,19,19,21,326,255
55:20.1,85.01077271,190,19,18,21,332,271
55:20.1,80.20989199,185,19,19,21,344,288
55:20.2,73.22498908,176,19,19,21,360,310
55:21.3,96.31612896,222,20,19,22,303,242
55:21.4,96.44565206,219,20,19,22,294,221
55:21.4,96.79540846,217,20,19,22,292,214
55:21.5,97.62690994,211,20,19,22,288,210
55:21.5,98.06461809,211,20,19,22,285,205
55:21.6,98.17730322,209,19,19,22,283,200
55:21.7,98.41516717,213,20,19,22,282,197
55:21.7,98.83676145,208,19,19,22,280,195
55:21.8,99.3435145,208,19,19,22,279,193
55:21.8,99.83219624,208,19,19,22,278,190
55:21.9,100.3379502,214,20,19,22,277,188
55:21.9,100.9357107,210,19,19,22,275,184
55:21.9,101.5954015,211,19,19,22,273,181
55:22.0,101.5826073,212,19,19,22,269,178
55:22.1,98.45557223,213,20,19,22,269,180
55:22.4,102.6723715,230,20,19,22,305,240
55:22.4,103.9774383,248,20,19,22,271,206
55:22.5,101.9974618,234,20,19,23,266,180
55:22.5,101.3836197,222,20,19,22,263,173
55:22.6,104.2362605,217,20,19,22,262,167
55:22.7,104.9593507,225,20,19,22,260,162
55:22.7,104.7634605,216,20,19,22,257,158
55:22.8,104.5056837,214,20,19,22,256,156
55:22.8,105.0791123,212,19,19,22,255,154
55:22.9,105.5546832,225,20,19,22,256,154
55:22.9,105.5307388,213,20,19,22,254,153
55:22.9,105.7250028,211,20,19,22,253,151
55:23.0,105.9486658,211,20,19,22,252,150
55:23.0,106.1507522,221,20,19,22,252,148
55:23.1,106.7462989,211,19,19,22,249,148
55:23.1,106.6358529,211,20,19,22,248,145
55:23.2,102.7815551,207,19,19,22,250,156
55:23.3,98.16671677,217,20,19,21,270,190
55:23.3,95.62999535,204,19,19,21,290,212
55:23.4,93.86762221,200,19,19,21,297,230
55:23.4,92.13543867,196,19,19,21,301,236
55:23.5,89.99978796,205,19,19,21,309,247
55:23.5,87.83035322,192,19,19,21,315,257
55:23.5,85.38288266,188,19,19,21,323,266
55:23.6,83.42148186,183,19,18,21,327,272
55:23.6,81.84104925,187,19,19,21,333,279
55:23.7,80.04720743,172,19,19,21,335,283
55:23.7,78.24082575,167,19,18,21,339,290
55:23.8,76.70584235,161,19,18,21,344,293
55:23.8,75.66448281,163,19,19,21,349,296
55:23.9,74.62313801,151,19,18,21,350,298
55:24.0,73.55048745,149,19,18,20,352,301
55:24.0,72.50956839,146,19,18,21,354,302
55:24.1,71.56631614,150,19,19,21,358,306
55:24.1,70.67346557,138,19,18,20,358,308
55:24.2,69.69590369,133,19,18,20,359,309
55:24.2,68.67768326,131,19,18,20,361,311
55:24.2,67.51563958,132,19,19,21,366,315
55:24.3,66.48588981,122,19,18,20,365,315
55:24.3,65.78600149,116,19,18,20,367,316
55:24.4,65.38167872,112,19,18,20,368,316
55:24.5,64.99794941,115,19,19,20,370,317
55:24.5,64.57781204,108,19,18,20,367,315
55:24.6,64.09623015,107,19,18,20,367,316
55:24.6,63.54328873,105,19,18,20,368,316
55:24.7,63.19113325,107,19,19,20,371,317
55:24.7,63.12798911,100,19,18,20,369,315
55:24.7,63.04301971,98,19,18,20,368,314
55:24.8,62.9209953,96,19,18,20,368,314
55:24.8,62.9520388,98,19,18,20,370,314
55:24.9,63.9223448,94,18,18,20,368,312
55:25.0,66.84677633,106,19,18,20,366,310
55:25.0,69.66688425,123,19,18,20,362,305
55:25.1,71.55045584,142,19,19,20,360,302
55:25.1,73.05956938,147,19,18,20,355,295
55:25.1,74.42564567,151,19,18,20,353,290
55:25.2,75.78350273,156,19,18,20,350,286
55:25.2,76.84569527,163,19,19,21,348,282
55:25.3,77.88843286,160,19,18,20,343,277
55:25.4,78.98233782,163,19,18,20,339,274
55:25.4,79.99109293,163,19,18,20,336,270
55:25.5,80.92200685,168,19,19,21,336,269
55:25.5,81.709419,165,19,18,20,331,264
55:25.5,82.77312534,168,19,18,20,329,260
55:25.6,83.62114696,169,19,18,20,325,257
55:25.7,84.6403666,175,19,19,21,326,255
55:25.7,85.61608095,173,19,18,20,321,249
55:25.7,86.51611808,176,19,18,20,319,245
55:25.8,87.67590479,177,19,18,20,316,241
55:25.8,88.48896804,179,20,19,21,317,238
55:25.9,89.29479803,178,19,18,21,312,232
55:25.9,90.37539398,179,19,18,21,309,229
55:26.0,91.40491637,180,19,18,21,306,224
55:26.1,92.34224358,182,19,19,21,306,221
55:26.1,93.28979761,182,19,19,21,300,214
55:26.2,94.26040481,187,19,19,21,296,209
55:26.2,95.34772433,186,19,18,21,293,204
55:26.3,96.24855035,191,19,19,21,293,202
55:26.3,96.99488784,190,19,18,21,286,196
55:26.3,97.75937346,192,19,18,21,284,192
55:26.4,98.38814827,194,19,19,21,280,187
55:26.4,98.96402649,195,19,19,21,281,183
55:26.5,99.57852506,196,19,19,21,276,178
55:26.5,100.1992467,197,19,18,21,274,174
55:26.6,100.6547268,200,19,19,21,271,170
55:26.6,101.3673444,199,19,19,21,272,167
55:26.7,101.7366,198,19,19,21,267,162
55:26.7,102.0134366,197,19,18,21,265,159
55:26.8,102.1749663,195,19,18,21,263,156
55:26.9,102.2227535,194,19,19,21,264,154
55:26.9,102.2291804,193,19,18,21,260,150
55:26.9,101.9714769,191,19,18,21,259,148
55:27.0,101.7539645,189,19,18,21,259,146
55:27.0,102.1027094,189,19,19,21,261,146
55:27.1,101.8576151,187,19,18,21,258,144
55:27.1,101.3479907,186,19,18,21,258,144
55:27.2,100.0229008,184,19,18,21,259,145
55:27.3,99.06603972,183,19,19,21,264,149
55:27.3,98.70294901,181,19,18,21,261,151
55:27.4,98.31852348,179,19,18,21,262,153
55:27.4,97.75920383,179,19,18,21,265,157
55:27.5,96.88840032,177,19,18,21,273,166
55:27.5,95.91983739,176,19,18,21,275,174
55:27.6,94.63230095,177,19,18,21,281,185
55:27.6,93.29769169,175,19,18,21,287,196
55:27.7,92.02541916,174,19,18,21,299,206
55:27.7,90.81965484,173,19,18,20,299,213
55:27.7,89.72436227,172,19,18,20,303,221
55:27.8,88.64347695,171,19,18,20,306,229
55:27.8,87.46688774,170,19,18,21,315,238
55:27.9,86.26817082,168,19,18,20,313,243
55:27.9,85.02727442,165,19,18,20,317,250
55:28.0,83.65074885,164,19,18,20,320,257
55:28.1,82.46868353,160,19,18,20,328,264
55:28.1,81.29155461,157,19,18,20,326,267
55:28.1,79.91737907,155,19,18,20,330,272
55:28.2,78.43526255,151,19,18,20,334,278
55:28.2,77.19208914,146,19,18,20,344,287
55:28.3,75.62324397,142,19,18,20,342,289
55:28.3,73.97553152,142,19,18,20,348,293
55:28.4,72.52088819,137,19,18,20,351,297
55:28.4,71.14194414,133,19,18,20,372,305
55:28.5,69.78900578,127,19,18,20,356,303
55:28.5,68.62446652,123,19,18,20,359,306
55:28.6,67.50154995,118,19,18,20,361,308
55:28.7,66.36321909,113,19,18,20,381,316
55:28.7,65.29191769,108,19,18,20,365,312
55:28.7,64.47861679,105,19,18,20,366,313
55:28.8,63.76089632,104,19,18,20,367,314
55:28.9,62.94662272,100,19,18,20,385,321
55:28.9,62.06849459,99,19,18,20,369,318
55:28.9,60.96082672,100,19,18,20,370,321
55:29.0,59.91921084,99,19,18,20,371,325
55:29.0,58.78505519,97,19,18,20,390,334
55:29.1,57.94221023,95,18,18,20,374,330
55:29.1,57.23965673,92,18,18,20,375,330
55:29.2,56.62137303,90,18,18,20,375,330
55:29.2,56.05565491,88,19,18,20,393,337
55:29.3,55.58212107,86,18,18,20,376,331
55:29.3,55.1941548,84,18,18,20,377,331
55:29.4,55.35093879,82,18,18,20,377,330
55:29.5,56.2634946,82,18,18,19,392,344
55:29.5,57.82682683,85,18,18,20,375,325
55:29.6,59.65496313,91,18,18,20,374,322
55:29.6,61.29590686,96,18,18,20,371,319
55:29.7,62.35858764,99,19,18,20,386,332
55:29.7,63.33286656,102,19,18,20,369,313
55:29.7,64.14473917,106,19,18,20,367,311
55:29.8,64.66920914,106,19,18,20,365,308
55:29.9,65.06880524,108,19,18,20,376,321
55:29.9,65.68997716,110,19,18,20,363,304
55:29.9,66.58159607,115,19,18,20,362,302
55:30.0,67.57583296,119,19,18,20,360,298
55:30.1,68.52689034,126,19,18,20,369,309
55:30.1,69.59715458,133,19,18,20,357,293
55:30.1,70.67446204,137,19,18,20,355,289
55:30.2,71.5043369,140,19,18,20,353,285
55:30.2,72.33303106,142,19,18,20,361,295
55:30.3,72.86330451,143,19,18,20,350,279
55:30.4,73.56030851,144,19,18,20,348,276
55:30.4,74.42744328,146,19,18,20,347,274
55:30.5,75.62421471,151,19,18,20,353,283
55:30.5,76.80808897,152,19,18,20,343,268
55:30.6,77.64773642,153,19,18,20,340,265
55:30.6,78.45997194,155,19,18,20,337,261
55:30.7,78.99319648,155,19,18,20,341,270
55:30.7,79.42207202,155,19,18,20,333,256
55:30.7,79.90453648,155,19,18,20,332,253
55:30.8,80.65225754,155,19,18,20,331,252
55:30.9,81.17830174,157,19,18,20,333,260
55:30.9,81.77017028,158,19,18,20,328,247
55:30.9,82.35289846,159,19,18,20,326,245
55:31.0,83.03572896,160,19,18,20,324,243
55:31.0,83.58189827,161,19,19,20,324,250
55:31.1,84.05703913,162,19,18,20,321,238
55:31.1,84.67602831,162,19,18,20,319,235
55:31.2,85.18637706,162,19,18,20,319,233
55:31.2,85.68196293,163,19,19,20,317,237
55:31.3,85.90002712,162,19,18,20,316,228
55:31.3,86.01773568,161,19,18,20,315,225
55:31.4,86.1980321,159,19,18,20,314,223
55:31.4,86.21248093,159,19,18,20,313,227
55:31.5,86.53254689,157,19,18,20,312,220
55:31.5,86.72755753,158,19,18,20,311,219
55:31.6,87.08373937,158,19,18,20,310,218
55:31.6,87.36753956,159,19,18,20,310,222
55:31.7,87.67041986,159,19,18,20,309,216
55:31.8,87.74920834,158,19,18,20,308,215
55:31.8,87.91078532,157,19,18,20,307,213
55:31.9,88.13661309,157,19,18,20,307,216
55:31.9,88.32342517,157,19,18,20,306,211
55:31.9,88.29685689,156,19,18,20,305,210
55:32.0,88.30825075,155,19,18,20,305,209
55:32.0,88.29492885,155,19,18,20,304,210
55:32.1,88.36450701,154,19,18,20,304,207
55:32.2,88.26056675,153,19,18,20,304,206
55:32.2,88.21616244,153,19,18,20,303,205
55:32.3,88.11021054,153,19,18,20,303,206
55:32.3,87.88993716,151,19,18,20,303,204
55:32.3,87.73506657,151,19,18,20,303,204
55:32.4,87.60384689,150,19,18,20,303,203
55:32.4,87.50499448,149,19,18,20,302,203
55:32.5,87.46569291,148,19,18,20,302,203
55:32.5,87.5400119,147,19,18,20,302,202
55:32.6,87.53335761,146,19,18,20,302,202
55:32.6,87.46236372,146,19,18,20,302,202
55:32.7,87.41287482,145,19,18,20,301,202
55:32.8,87.54915728,145,19,18,20,301,201
55:32.8,87.61839927,145,19,18,20,301,201
55:32.8,87.5622957,145,19,18,20,301,201
55:32.9,87.47791985,144,19,18,20,301,201
55:32.9,87.34492688,144,19,18,20,301,201
55:33.0,87.30535504,143,19,18,20,301,200
55:33.0,87.30624928,144,19,18,20,301,200
55:33.1,87.25514705,143,19,18,20,301,200
55:33.1,87.26107707,142,19,18,20,300,200
55:33.2,87.30689738,142,19,18,20,300,200
55:33.2,87.21580406,143,19,18,20,300,200
55:33.3,87.19076299,142,19,18,20,300,199
55:33.3,87.1354999,142,19,18,20,300,199
55:33.4,87.1148535,142,19,18,20,300,199
55:33.5,87.0309609,142,19,18,20,300,200
55:33.5,86.95215894,141,19,18,20,300,200
55:33.5,86.56763788,140,19,18,20,300,199
55:33.6,86.56050781,140,19,18,20,300,199
55:33.6,86.47889133,141,19,18,20,300,199
55:33.7,86.785221,140,19,18,20,300,199
55:33.7,86.74056066,140,19,18,20,300,199
55:33.8,86.72515225,140,19,18,20,300,199
55:33.8,86.75574621,140,19,18,20,300,199
55:33.9,86.77120391,139,19,18,20,300,198
55:33.9,86.71461928,139,19,18,20,299,198
55:34.0,86.60713806,139,19,18,20,299,199
55:34.0,86.39787435,141,19,18,20,300,199
55:34.1,86.25045412,139,19,18,20,300,200
55:34.2,86.14434947,140,19,18,20,300,200
55:34.2,85.9629367,139,19,18,20,300,201
55:34.2,85.79749042,141,19,18,20,301,201
55:34.3,85.60086076,139,19,18,20,301,202
55:34.4,85.63756906,139,19,18,20,301,201
55:34.4,85.60998997,138,19,18,20,301,201
55:34.4,85.56714543,139,19,18,20,301,201
55:34.6,85.55792668,137,19,18,20,301,201
55:34.6,85.48320294,137,19,18,20,301,201
55:34.6,85.57581422,137,19,18,20,301,200
55:34.6,85.65880176,138,19,18,20,301,200
55:34.7,85.63914968,136,19,18,20,301,200
55:34.7,85.57147067,136,19,18,20,300,200
55:34.8,85.5025306,135,19,18,20,300,200
55:34.9,85.49685637,137,19,18,20,301,200
55:34.9,85.85783705,135,19,18,20,300,200
55:35.0,85.55844338,135,19,18,20,300,199
55:35.0,85.54589684,135,19,18,20,300,200
55:35.0,85.33435217,136,19,18,20,301,200
55:35.1,85.35929143,135,19,18,20,301,200
55:35.1,85.24901097,135,19,18,20,301,201
55:35.2,85.13036449,134,19,18,20,301,201
55:35.2,85.1848127,135,19,18,20,302,201
55:35.3,85.33067049,133,19,18,20,301,201
55:35.3,85.30912418,133,19,18,20,301,201
55:35.4,85.15853475,133,19,18,20,301,200
55:35.4,85.20325189,134,19,18,20,302,200
55:35.5,85.08997178,132,19,18,20,301,200
55:35.5,85.11808766,132,19,18,20,301,200
55:35.6,85.14396592,132,19,18,20,301,200
55:35.6,85.44537453,133,19,18,20,301,200
55:35.7,85.14271441,132,19,18,20,301,200
55:35.7,85.02821029,131,19,18,20,301,200
55:35.8,85.01779256,131,19,18,20,301,199
55:35.8,85.17100887,133,19,18,20,301,199
55:35.9,85.09016655,131,19,18,20,301,199
55:35.9,85.19276292,131,19,18,20,300,199
55:36.0,85.19953552,131,19,18,20,301,199
55:36.0,85.196037,132,19,18,20,301,199
55:36.1,85.12115761,131,19,18,20,300,199
55:36.1,85.1767143,131,19,18,20,300,199
55:36.2,85.1075402,130,19,18,20,300,199
55:36.2,85.08515954,131,19,18,20,301,199
55:36.4,85.19888046,130,19,18,20,300,199
55:36.4,85.14077842,130,19,18,20,300,199
55:36.4,85.15545787,130,19,18,20,300,199
55:36.4,85.15655497,131,19,18,20,301,199
55:36.5,85.15202952,129,19,18,20,300,198
55:36.5,85.23373316,129,19,18,20,300,198
55:36.6,85.16143894,129,19,18,20,300,198
55:36.6,85.22007015,130,19,18,20,301,198
55:36.7,85.17733476,129,19,18,20,300,198
55:36.7,85.06360577,129,19,18,20,300,198
55:36.8,85.12496456,129,19,18,20,300,198
55:36.8,85.20562578,130,19,18,20,300,198
55:36.9,85.21493573,129,19,18,20,300,198
55:36.9,85.09620055,128,19,18,20,300,198
55:37.0,85.10158387,129,19,18,20,300,198
55:37.0,85.03399108,129,19,18,20,300,198
55:37.1,84.91424802,129,19,18,20,300,198
55:37.1,84.937579,129,19,18,20,300,198
55:37.2,84.85463874,128,19,18,20,300,198
55:37.2,84.85267011,128,19,18,20,300,198
55:37.3,85.05757047,128,19,18,20,300,198
55:37.3,85.14862764,128,19,18,20,300,198
55:37.4,85.08945595,127,19,18,20,299,198
55:37.4,85.07715024,127,19,18,20,300,198
55:37.5,85.14108457,127,19,18,20,299,197
55:37.5,85.18012195,127,19,18,20,299,197
55:37.6,85.16189957,127,19,18,20,299,197
55:37.6,85.17645761,127,19,18,20,300,198
55:37.7,85.17645919,127,19,18,20,299,197
55:37.7,85.15888117,127,19,18,20,299,197
55:37.8,85.17678505,127,19,18,20,299,197
55:37.8,85.16999436,127,19,18,20,300,197
55:37.9,85.14875171,126,19,18,20,299,197
55:37.9,85.13156324,126,19,18,20,299,197
55:38.0,85.11689324,126,19,18,20,299,197
55:38.0,85.38393269,126,18,18,20,300,197
