2019/11/08 20:15:48.07,163.3446319543217,184,19,19,179,34,91
2019/11/08 20:15:48.12,163.03973142924875,182,19,19,178,34,90
2019/11/08 20:15:48.17,163.12022728120118,182,19,19,178,34,90
2019/11/08 20:15:48.22,163.20465522183326,187,19,19,176,33,90
2019/11/08 20:15:48.22,163.61213185614076,187,19,19,175,33,90
2019/11/08 20:15:48.36,163.7405625197616,190,19,20,174,33,90
2019/11/08 20:15:48.36,164.73780440181628,198,19,20,173,33,91
2019/11/08 20:15:48.41,164.63315144954578,205,19,20,170,33,91
2019/11/08 20:15:48.46,164.59227851755048,205,19,20,167,32,90
2019/11/08 20:15:48.51,164.47532523109052,202,19,20,166,32,89
2019/11/08 20:15:48.56,164.30821682876274,199,19,20,165,32,89
2019/11/08 20:15:48.61,164.5586688197862,198,19,20,164,32,88
2019/11/08 20:15:48.66,164.8035339558896,198,19,20,163,32,88
2019/11/08 20:15:48.72,164.69150947895054,200,19,20,160,32,87
2019/11/08 20:15:48.77,164.32323048547926,203,19,20,160,32,87
2019/11/08 20:15:48.83,164.17388789636837,202,19,20,159,32,86
2019/11/08 20:15:48.83,164.44575854786595,201,19,20,158,32,86
2019/11/08 20:15:48.95,164.45611988800275,200,19,20,158,32,85
2019/11/08 20:15:48.96,164.3932823474592,200,19,20,157,31,85
2019/11/08 20:15:49.01,164.38460854287865,199,19,20,157,31,85
2019/11/08 20:15:49.06,164.22441475984235,199,19,20,156,31,85
2019/11/08 20:15:49.12,164.0901083995167,198,19,20,156,31,84
2019/11/08 20:15:49.17,164.15016942105353,197,19,20,156,31,84
2019/11/08 20:15:49.23,164.28829849986928,195,19,20,155,31,84
2019/11/08 20:15:49.23,164.3395361311972,194,19,20,154,31,84
2019/11/08 20:15:49.36,164.23532363201147,193,19,20,152,31,83
2019/11/08 20:15:49.36,164.12373229762085,193,19,20,152,31,83
2019/11/08 20:15:49.42,163.78789824624667,192,19,20,154,31,84
2019/11/08 20:15:49.47,163.5803881016857,191,19,19,152,31,84
2019/11/08 20:15:49.52,163.86553245467547,188,19,19,156,32,85
2019/11/08 20:15:49.57,164.08451823373608,185,19,19,159,32,84
2019/11/08 20:15:49.62,164.18713966482215,186,19,19,157,31,83
2019/11/08 20:15:49.67,164.0794807869747,187,19,19,155,31,82
2019/11/08 20:15:49.73,163.99244338808978,186,19,19,153,31,82
2019/11/08 20:15:49.78,163.9299600246886,185,19,19,152,31,82
2019/11/08 20:15:49.78,164.12250737937944,184,19,19,150,31,82
2019/11/08 20:15:49.84,164.32411644458196,184,19,19,149,31,82
2019/11/08 20:15:49.95,164.45546360603436,187,19,20,149,31,81
2019/11/08 20:15:49.95,164.30611623140788,188,19,20,150,31,81
2019/11/08 20:15:50.01,163.27612062604638,188,19,20,149,31,80
2019/11/08 20:15:50.06,163.38414598709244,184,19,19,148,31,80
2019/11/08 20:15:50.13,163.4833835170896,182,19,20,148,31,80
2019/11/08 20:15:50.18,163.3848440930186,181,19,19,147,31,80
2019/11/08 20:15:50.19,163.3864864927671,181,19,19,147,31,80
2019/11/08 20:15:50.23,163.34736894626707,181,19,19,147,31,79
2019/11/08 20:15:50.35,163.13922842748363,181,19,19,146,31,79
2019/11/08 20:15:50.35,163.08114636470893,180,19,19,146,31,79
2019/11/08 20:15:50.41,163.68820982364804,179,19,19,146,31,80
2019/11/08 20:15:50.47,163.61367814662444,178,19,19,147,31,80
2019/11/08 20:15:50.52,163.87934737087014,178,19,19,148,31,80
2019/11/08 20:15:50.57,163.9155513705851,177,19,19,148,31,80
2019/11/08 20:15:50.63,163.97981512930713,177,19,19,148,31,79
2019/11/08 20:15:50.63,163.70697401675366,177,19,19,147,31,79
2019/11/08 20:15:50.76,163.68392133790692,176,19,19,147,31,79
2019/11/08 20:15:50.76,163.71956825764028,175,19,19,146,31,79
2019/11/08 20:15:50.83,163.8489643211286,175,19,19,146,31,79
2019/11/08 20:15:50.83,164.1666634404826,175,19,19,146,31,79
2019/11/08 20:15:50.95,164.21225990250733,176,19,19,145,31,79
2019/11/08 20:15:50.95,164.04113492451302,177,19,19,145,31,78
2019/11/08 20:15:51.00,163.9004681427284,177,19,19,145,31,78
2019/11/08 20:15:51.05,163.67053334152172,176,19,19,146,31,78
2019/11/08 20:15:51.11,163.75278038322804,174,19,19,146,31,78
2019/11/08 20:15:51.16,163.52088487223332,174,19,19,146,31,79
2019/11/08 20:15:51.23,163.49019277681688,173,19,19,145,31,79
2019/11/08 20:15:51.28,163.38041233247057,173,19,19,144,31,79
2019/11/08 20:15:51.33,163.31398865778004,174,19,19,146,31,82
2019/11/08 20:15:51.39,163.2235156982522,175,19,19,148,31,83
2019/11/08 20:15:51.39,163.21108765867623,174,19,19,147,31,84
2019/11/08 20:15:51.44,163.530815877462,173,19,19,147,31,84
2019/11/08 20:15:51.55,163.5439219200758,173,19,19,147,31,84
2019/11/08 20:15:51.55,163.80851326120427,173,19,19,146,31,84
2019/11/08 20:15:51.61,164.15285570777164,172,19,19,145,31,84
2019/11/08 20:15:51.68,164.2971778429433,173,19,19,143,31,83
2019/11/08 20:15:51.75,164.2927007108588,176,19,19,142,31,81
2019/11/08 20:15:51.75,164.14053760202916,176,19,19,141,30,81
2019/11/08 20:15:51.80,164.05969968817138,174,19,19,140,30,80
2019/11/08 20:15:51.85,164.28159661051973,173,19,19,140,30,80
2019/11/08 20:15:51.91,164.28050097734499,172,19,19,140,30,80
2019/11/08 20:15:51.97,164.43626280052052,173,19,19,139,30,80
2019/11/08 20:15:52.03,164.53454919249393,174,19,19,139,30,80
2019/11/08 20:15:52.03,164.74599429003712,176,19,19,139,30,79
2019/11/08 20:15:52.15,165.16280180968212,178,19,19,138,30,79
2019/11/08 20:15:52.16,165.65046544699416,184,19,20,141,30,78
2019/11/08 20:15:52.21,166.15700785681167,207,19,20,146,30,79
2019/11/08 20:15:52.28,166.33579163160422,236,20,20,134,30,82
2019/11/08 20:15:52.33,166.5277201678875,253,20,21,115,29,79
2019/11/08 20:15:52.39,166.59262835779268,261,20,21,96,29,76
2019/11/08 20:15:52.39,166.4945739201265,264,20,22,79,28,71
2019/11/08 20:15:52.44,166.4594025115899,264,20,22,70,28,67
2019/11/08 20:15:52.56,166.48150087267936,265,20,22,62,27,66
2019/11/08 20:15:52.56,166.1771647421235,271,20,22,55,27,64
2019/11/08 20:15:52.61,166.09375989358398,275,20,22,47,27,61
2019/11/08 20:15:52.67,166.0096038798638,280,20,23,42,27,59
2019/11/08 20:15:52.72,165.93666416572208,282,20,23,39,27,56
2019/11/08 20:15:52.79,165.966035123908,282,20,23,37,26,53
2019/11/08 20:15:52.84,165.95313191075152,282,20,23,35,26,52
2019/11/08 20:15:52.84,165.91503434521533,282,20,23,34,26,50
2019/11/08 20:15:52.91,166.0161571678241,281,20,23,34,26,49
2019/11/08 20:15:52.97,165.95081889041072,281,20,23,33,26,49
2019/11/08 20:15:53.03,165.82205216144285,281,20,23,32,26,48
2019/11/08 20:15:53.03,165.71470756521222,282,21,23,32,26,48
2019/11/08 20:15:53.10,165.65253207517966,283,21,23,32,26,48
2019/11/08 20:15:53.15,165.60331380761275,284,21,23,31,25,46
2019/11/08 20:15:53.21,165.6564950885124,286,21,23,31,25,46
2019/11/08 20:15:53.28,165.4987990982395,288,21,24,30,25,46
2019/11/08 20:15:53.36,165.6344773148231,290,21,24,30,25,45
2019/11/08 20:15:53.37,165.57549119064817,289,21,24,29,25,44
2019/11/08 20:15:53.42,165.5330719900152,288,21,24,29,25,43
2019/11/08 20:15:53.50,165.5010646280513,288,21,24,29,25,43
2019/11/08 20:15:53.55,165.38055895949535,289,21,24,29,25,42
2019/11/08 20:15:53.55,165.12614878221393,290,21,24,29,25,42
2019/11/08 20:15:53.60,164.70863324524902,292,21,24,29,25,42
2019/11/08 20:15:53.66,164.27715569851935,297,22,25,28,25,41
2019/11/08 20:15:53.72,163.8203545137404,306,22,26,27,25,39
2019/11/08 20:15:53.77,163.31100736444975,313,23,27,26,25,37
2019/11/08 20:15:53.82,162.8426655134355,317,24,28,25,25,35
2019/11/08 20:15:53.83,162.6014586093152,320,25,29,24,25,33
2019/11/08 20:15:53.96,161.79770909841474,325,26,30,24,25,32
2019/11/08 20:15:53.96,161.81109940946607,328,26,31,24,24,31
2019/11/08 20:15:54.02,162.0251057389361,327,26,31,23,24,30
2019/11/08 20:15:54.08,161.92878956600745,324,26,31,23,24,30
2019/11/08 20:15:54.13,161.6288009569175,322,26,31,23,24,30
2019/11/08 20:15:54.18,161.58156679972797,321,25,31,23,24,30
2019/11/08 20:15:54.18,161.50722911310442,321,26,31,23,24,29
2019/11/08 20:15:54.23,161.37220869409782,321,26,31,23,24,29
2019/11/08 20:15:54.36,161.4109522970129,320,26,31,23,24,29
2019/11/08 20:15:54.36,161.2331344222361,320,26,31,22,24,29
2019/11/08 20:15:54.43,161.2280940579979,319,26,31,22,24,29
2019/11/08 20:15:54.48,160.8770517899421,319,26,31,22,24,29
2019/11/08 20:15:54.53,160.54114658075738,319,26,31,22,24,29
2019/11/08 20:15:54.59,160.43947616102673,320,27,32,22,24,29
2019/11/08 20:15:54.59,160.2549911164504,321,28,33,22,24,29
2019/11/08 20:15:54.64,159.93446192730326,323,30,34,22,24,28
2019/11/08 20:15:54.73,159.66517606397773,323,31,35,22,24,28
2019/11/08 20:15:54.79,159.2038812940281,323,32,36,22,24,28
2019/11/08 20:15:54.79,158.41804749783802,324,34,38,22,24,27
2019/11/08 20:15:54.84,157.28765836629606,327,38,40,22,24,27
2019/11/08 20:15:54.96,155.6464494455061,334,49,47,23,24,27
2019/11/08 20:15:54.96,154.11870850870062,340,79,60,23,24,26
2019/11/08 20:15:55.01,152.4769578275679,338,109,75,23,23,26
2019/11/08 20:15:55.08,150.6604902278005,338,137,87,23,23,25
2019/11/08 20:15:55.13,148.7670597240776,337,160,98,23,23,25
2019/11/08 20:15:55.18,146.88459935272394,332,183,109,23,23,25
2019/11/08 20:15:55.24,144.9644155412697,325,202,121,23,23,25
2019/11/08 20:15:55.24,143.29596738162047,317,217,129,23,23,25
2019/11/08 20:15:55.31,142.01543273090894,310,229,134,23,23,24
2019/11/08 20:15:55.36,141.00647588971057,301,239,141,22,23,24
2019/11/08 20:15:55.42,139.9990754943684,293,245,144,22,22,24
2019/11/08 20:15:55.47,138.56492855301377,287,252,146,22,22,24
2019/11/08 20:15:55.52,137.0738545509715,283,257,149,22,22,24
2019/11/08 20:15:55.58,134.67454431951637,274,269,157,23,22,24
2019/11/08 20:15:55.63,131.62184341172622,268,280,165,23,22,23
2019/11/08 20:15:55.63,128.86329653726835,262,293,175,23,23,23
2019/11/08 20:15:55.75,125.81073199374471,254,304,183,24,22,23
2019/11/08 20:15:55.75,122.82057522118821,247,317,192,24,22,23
2019/11/08 20:15:55.81,118.68203281805192,240,328,200,24,23,23
2019/11/08 20:15:55.87,115.19487183032392,235,343,205,24,22,23
2019/11/08 20:15:55.92,112.45085429536408,232,357,207,24,22,23
2019/11/08 20:15:55.97,109.83615756433802,230,363,213,23,22,23
2019/11/08 20:15:56.03,107.32439473900303,228,372,216,23,22,23
2019/11/08 20:15:56.09,104.71865555072202,230,377,217,23,23,22
2019/11/08 20:15:56.14,101.68887182226047,230,383,220,23,22,22
2019/11/08 20:15:56.20,98.76185703281725,231,390,224,22,22,22
2019/11/08 20:15:56.20,96.22685435546907,235,396,227,22,22,22
2019/11/08 20:15:56.26,93.89330946995962,235,399,231,22,22,22
2019/11/08 20:15:56.31,91.71047657662135,233,403,234,22,22,22
2019/11/08 20:15:56.37,89.36739121156488,232,407,237,22,22,22
2019/11/08 20:15:56.42,87.17859875595639,232,410,239,21,22,22
2019/11/08 20:15:56.48,85.66159491919097,231,413,242,21,22,22
2019/11/08 20:15:56.53,84.59735802205714,229,414,244,21,21,22
2019/11/08 20:15:56.58,84.00814788589803,226,414,245,21,21,22
2019/11/08 20:15:56.63,82.65067095101342,224,415,245,21,21,22
2019/11/08 20:15:56.63,80.6233484822734,226,418,245,21,21,22
2019/11/08 20:15:56.76,78.50035891552785,227,421,247,21,21,22
2019/11/08 20:15:56.76,76.40807488680264,227,422,252,21,21,21
2019/11/08 20:15:56.81,75.56851602944623,227,422,255,21,21,21
2019/11/08 20:15:56.86,73.68022328512093,225,423,256,21,21,21
2019/11/08 20:15:56.92,70.75212980483384,224,429,257,21,21,21
2019/11/08 20:15:56.97,67.5174558069877,225,432,260,21,21,21
2019/11/08 20:15:57.02,64.00718430779865,229,435,264,21,21,21
2019/11/08 20:15:57.08,60.17175488494264,232,438,268,21,21,21
2019/11/08 20:15:57.13,59.00927197748797,235,439,271,20,21,21
2019/11/08 20:15:57.18,58.15981124490938,241,440,272,20,21,21
2019/11/08 20:15:57.23,57.19373326052259,244,439,274,20,20,21
2019/11/08 20:15:57.23,57.143555065288695,244,439,274,20,20,21
2019/11/08 20:15:57.36,57.52830850876017,244,437,274,20,20,21
2019/11/08 20:15:57.36,57.945485381507815,242,436,273,20,20,21
2019/11/08 20:15:57.41,57.92331360106743,240,436,272,20,20,21
2019/11/08 20:15:57.46,57.67991813048664,238,435,271,20,20,21
2019/11/08 20:15:57.51,57.51238713536866,238,435,271,20,20,21
2019/11/08 20:15:57.55,57.57543104264444,237,434,271,20,20,21
2019/11/08 20:15:57.61,57.654291962250404,236,434,270,20,20,20
2019/11/08 20:15:57.66,57.754603708849054,235,433,270,19,20,20
2019/11/08 20:15:57.71,58.17195931186166,234,434,270,19,20,20
2019/11/08 20:15:57.76,58.391536398645734,232,433,270,19,20,20
2019/11/08 20:15:57.81,60.09305526826181,231,433,270,20,20,20
2019/11/08 20:15:57.86,61.976270247590264,228,431,269,20,20,21
2019/11/08 20:15:57.91,66.26187062007725,226,427,265,20,20,21
2019/11/08 20:15:57.96,68.22550846177928,219,421,262,20,21,21
2019/11/08 20:15:58.09,70.57208641448187,216,416,259,21,21,21
2019/11/08 20:15:58.09,73.87497593352494,211,410,256,21,21,21
2019/11/08 20:15:58.15,76.6202365458339,210,404,250,21,21,21
2019/11/08 20:15:58.15,79.98399756730089,207,398,243,22,22,21
2019/11/08 20:15:58.19,82.12372846414783,202,391,235,22,22,21
2019/11/08 20:15:58.24,84.11964921065307,202,386,229,22,22,21
2019/11/08 20:15:58.35,86.6722865427767,203,380,225,23,22,21
2019/11/08 20:15:58.35,89.55900979497828,204,374,219,23,22,22
2019/11/08 20:15:58.41,92.37673777454779,206,367,213,23,23,22
2019/11/08 20:15:58.46,95.26628469292011,208,359,204,23,23,22
2019/11/08 20:15:58.51,98.06051058322834,211,351,194,23,23,22
2019/11/08 20:15:58.58,101.01634107089502,213,341,186,23,23,22
2019/11/08 20:15:58.65,104.68969749601318,214,331,178,24,24,22
2019/11/08 20:15:58.65,108.74118519502242,215,318,169,24,24,22
2019/11/08 20:15:58.75,113.74164061875396,216,305,156,25,24,22
2019/11/08 20:15:58.75,118.41292199560625,222,289,141,26,24,23
2019/11/08 20:15:58.80,121.64160198341804,223,269,123,27,25,23
2019/11/08 20:15:58.87,124.25218256231726,228,254,107,27,25,23
2019/11/08 20:15:58.92,128.19134774746902,225,238,90,27,25,23
2019/11/08 20:15:58.97,133.32118829375167,225,217,78,28,26,23
2019/11/08 20:15:59.03,139.19061535286372,232,189,62,28,26,23
2019/11/08 20:15:59.03,146.1615108533565,242,148,44,29,28,24
2019/11/08 20:15:59.16,156.70839423601709,258,77,32,29,28,24
2019/11/08 20:15:59.16,165.17512727761945,265,26,25,31,30,26
2019/11/08 20:15:59.20,165.46237780470366,238,21,22,38,31,33
2019/11/08 20:15:59.26,163.29139667082444,204,20,20,95,32,56
2019/11/08 20:15:59.31,163.3343687706045,183,20,20,138,32,75
2019/11/08 20:15:59.35,164.23075626785788,165,20,20,137,31,76
2019/11/08 20:15:59.40,164.94648786807755,170,20,20,130,30,71
2019/11/08 20:15:59.46,165.06807731849244,181,20,20,121,29,65
2019/11/08 20:15:59.51,165.05478009705917,181,20,20,116,29,60
2019/11/08 20:15:59.56,165.03304744477015,178,20,20,113,29,58
2019/11/08 20:15:59.61,165.04122751731478,176,20,20,111,28,56
2019/11/08 20:15:59.66,165.09778401488146,174,20,20,109,28,55
2019/11/08 20:15:59.71,165.2698528674395,175,20,20,108,28,54
2019/11/08 20:15:59.76,165.66503200401843,178,20,20,105,28,54
2019/11/08 20:15:59.81,166.2155914988358,189,20,20,98,28,53
2019/11/08 20:15:59.85,166.38479942097945,206,20,20,80,28,49
2019/11/08 20:15:59.90,166.17195678828767,227,20,20,56,27,43
2019/11/08 20:15:59.96,165.5742066881669,250,20,20,41,27,38
2019/11/08 20:16:00.01,164.1463849304085,267,20,21,32,26,33
2019/11/08 20:16:00.06,162.20622338141712,285,21,22,28,26,30
2019/11/08 20:16:00.11,160.41326925850277,291,21,22,26,26,28
2019/11/08 20:16:00.16,157.98296854070838,296,22,23,25,26,27
2019/11/08 20:16:00.21,155.745100258703,300,24,24,25,26,26
2019/11/08 20:16:00.26,153.35569275432985,303,28,25,24,25,25
2019/11/08 20:16:00.31,150.7964460159922,303,35,27,24,25,25
2019/11/08 20:16:00.37,147.91626261342003,297,50,29,24,25,25
2019/11/08 20:16:00.42,144.9423399844388,290,91,33,24,24,25
2019/11/08 20:16:00.47,141.4321346649189,284,134,38,24,24,24
2019/11/08 20:16:00.53,137.06605433022588,274,173,48,24,24,24
2019/11/08 20:16:00.57,133.10043995401608,261,212,63,24,24,24
2019/11/08 20:16:00.62,128.46706740100737,251,240,85,24,24,24
2019/11/08 20:16:00.62,123.63225621447509,245,269,111,24,24,23
2019/11/08 20:16:00.75,119.58621768925897,234,288,133,25,24,23
2019/11/08 20:16:00.76,115.89756076320447,227,309,148,25,23,23
2019/11/08 20:16:00.80,112.40535722535253,223,323,163,24,23,23
2019/11/08 20:16:00.85,109.01263120654758,219,334,175,24,23,23
2019/11/08 20:16:00.95,106.19546185200535,216,346,182,23,23,23
2019/11/08 20:16:00.95,103.5911804000194,216,354,184,23,23,23
2019/11/08 20:16:01.00,100.94406866364453,216,362,187,23,23,22
2019/11/08 20:16:01.05,98.16191282822055,217,369,192,22,23,22
2019/11/08 20:16:01.11,95.48809986715891,217,376,200,22,23,22
2019/11/08 20:16:01.30,93.40634062729687,214,382,208,22,22,22
2019/11/08 20:16:01.30,91.33695248548705,214,387,213,22,22,22
2019/11/08 20:16:01.30,89.70250073462545,212,392,215,22,22,22
2019/11/08 20:16:01.30,88.13975654533546,211,394,219,22,22,22
2019/11/08 20:16:01.35,86.47781176541743,212,397,223,21,22,22
2019/11/08 20:16:01.40,84.48596325508841,211,398,228,21,22,22
2019/11/08 20:16:01.46,82.43078591564185,211,403,229,21,22,22
2019/11/08 20:16:01.51,80.65801155385854,211,406,232,21,22,22
2019/11/08 20:16:01.57,78.49000122267796,209,408,234,21,21,22
2019/11/08 20:16:01.62,76.25918192862628,210,412,237,21,21,22
2019/11/08 20:16:01.62,74.14958797309698,210,415,239,21,21,21
2019/11/08 20:16:01.71,72.28526825259473,212,417,243,21,21,21
2019/11/08 20:16:01.76,70.66883506945624,214,419,246,21,21,21
2019/11/08 20:16:01.82,69.40374646206809,215,420,246,21,21,21
2019/11/08 20:16:01.94,68.27372766483013,216,422,247,20,21,21
2019/11/08 20:16:01.99,66.96556247349132,217,424,247,20,21,21
2019/11/08 20:16:02.00,65.57314204451731,218,425,247,20,21,21
2019/11/08 20:16:02.00,64.5184169476291,219,426,249,20,21,21
2019/11/08 20:16:02.05,63.874157136012265,219,426,251,20,21,21
2019/11/08 20:16:02.11,63.48608197057165,219,426,251,20,21,21
2019/11/08 20:16:02.16,63.36260852000455,218,425,251,20,20,21
2019/11/08 20:16:02.21,63.415521380717294,217,424,250,20,20,21
2019/11/08 20:16:02.26,63.7817019580439,216,423,250,20,20,21
2019/11/08 20:16:02.31,63.73071586160824,214,422,249,20,20,21
2019/11/08 20:16:02.36,63.73376691768872,213,422,249,20,20,21
2019/11/08 20:16:02.41,63.922628392160576,212,421,248,20,20,21
2019/11/08 20:16:02.46,63.84473354529977,211,421,248,20,20,21
2019/11/08 20:16:02.62,63.50334717574223,211,421,248,20,20,21
2019/11/08 20:16:02.62,63.76522488690521,210,420,248,20,20,21
2019/11/08 20:16:02.62,63.80420384104979,210,420,248,20,20,21
2019/11/08 20:16:02.67,63.371170074695264,209,419,247,20,20,21
2019/11/08 20:16:02.72,62.78425463597213,209,419,248,20,20,21
2019/11/08 20:16:02.79,62.146401061514176,209,419,249,20,20,20
2019/11/08 20:16:02.79,62.53663588358604,210,419,249,20,19,21
2019/11/08 20:16:02.84,62.495970225422965,209,419,249,20,19,20
2019/11/08 20:16:02.95,63.70737999028638,208,419,249,20,19,21
2019/11/08 20:16:02.95,64.1470463253989,206,418,249,20,19,21
2019/11/08 20:16:03.00,64.23639743516308,205,417,248,20,19,21
2019/11/08 20:16:03.05,64.27848463363895,204,416,248,20,19,20
2019/11/08 20:16:03.15,63.78169224124311,204,415,248,20,19,20
2019/11/08 20:16:03.15,63.88572824350808,203,415,248,20,19,20
2019/11/08 20:16:03.21,63.64966071102191,202,414,248,20,20,20
2019/11/08 20:16:03.26,64.38493205337808,202,414,248,20,20,20
2019/11/08 20:16:03.33,64.55211829320888,201,414,248,20,19,20
2019/11/08 20:16:03.38,64.43759649355107,200,414,247,20,19,20
2019/11/08 20:16:03.43,64.27086655793912,199,414,247,20,19,20
2019/11/08 20:16:03.44,64.26014196187816,199,414,247,20,20,20
2019/11/08 20:16:03.56,64.65528978908911,199,414,247,20,20,20
2019/11/08 20:16:03.56,64.5998691151639,199,413,247,19,20,20
2019/11/08 20:16:03.61,64.77398020043422,198,413,247,20,20,20
2019/11/08 20:16:03.66,65.00250616083306,198,413,246,20,20,20
2019/11/08 20:16:03.72,65.36239281855369,198,413,246,20,20,20
2019/11/08 20:16:03.77,65.93068853285912,199,412,246,20,20,20
2019/11/08 20:16:03.82,67.80514516015567,200,411,246,20,21,20
2019/11/08 20:16:03.87,69.9565417224031,195,408,244,20,21,21
2019/11/08 20:16:03.92,71.65698209124594,193,406,241,20,21,21
2019/11/08 20:16:03.96,72.76334275918204,188,402,237,20,21,21
2019/11/08 20:16:04.01,74.19933178955222,187,400,235,21,21,21
2019/11/08 20:16:04.07,76.05333936354837,188,398,233,21,21,21
2019/11/08 20:16:04.12,78.16105026471081,188,393,229,21,21,21
2019/11/08 20:16:04.18,79.90825212770106,189,388,225,21,21,21
2019/11/08 20:16:04.23,82.286672448042,190,383,221,21,22,21
2019/11/08 20:16:04.23,84.77930859917115,191,377,217,22,22,21
2019/11/08 20:16:04.36,87.44389005457386,194,371,212,22,22,21
2019/11/08 20:16:04.36,90.26007866717329,196,363,203,22,22,21
2019/11/08 20:16:04.41,93.89716751603532,199,354,193,22,23,22
2019/11/08 20:16:04.46,98.24486705853877,202,343,183,23,23,22
2019/11/08 20:16:04.51,101.88253046077779,208,328,175,23,23,22
2019/11/08 20:16:04.57,106.46737429498123,209,315,162,23,23,22
2019/11/08 20:16:04.62,110.91978045328308,211,295,147,24,24,22
2019/11/08 20:16:04.67,116.1905115618348,215,278,133,25,24,22
2019/11/08 20:16:04.72,121.91157900198107,223,258,111,26,24,23
2019/11/08 20:16:04.79,128.2603737379305,235,246,92,28,25,23
2019/11/08 20:16:04.84,135.72096672154808,239,219,61,28,26,23
2019/11/08 20:16:04.84,141.8712549037823,247,169,41,30,27,23
2019/11/08 20:16:04.96,148.0351658152305,251,103,32,29,28,24
2019/11/08 20:16:04.96,153.96470509158786,260,40,27,29,28,24
2019/11/08 20:16:05.01,158.8283078207029,262,25,24,30,28,25
2019/11/08 20:16:05.06,163.2513094269088,257,21,22,32,29,26
2019/11/08 20:16:05.13,164.95676474094532,233,20,21,36,29,28
2019/11/08 20:16:05.18,162.74649001382215,207,20,21,54,30,33
2019/11/08 20:16:05.23,159.96524946103855,180,20,20,98,31,40
2019/11/08 20:16:05.24,159.7465971230635,156,20,20,123,31,47
2019/11/08 20:16:05.36,161.16534701532302,142,20,20,116,30,47
2019/11/08 20:16:05.36,161.81571900981606,146,20,20,111,29,45
2019/11/08 20:16:05.41,162.1617638637868,154,20,20,106,29,43
2019/11/08 20:16:05.45,162.27063918083505,158,20,20,103,28,41
2019/11/08 20:16:05.51,162.2693017850621,156,20,20,100,28,40
2019/11/08 20:16:05.56,162.7179875961901,152,20,20,98,28,40
2019/11/08 20:16:05.61,162.77609334932805,156,20,20,93,28,39
2019/11/08 20:16:05.67,163.20230116722084,166,20,20,88,27,39
2019/11/08 20:16:05.71,163.50034232964123,170,20,20,84,27,39
2019/11/08 20:16:05.77,163.80695330276328,174,20,20,80,27,38
2019/11/08 20:16:05.83,164.18418670005636,183,20,20,77,27,37
2019/11/08 20:16:05.83,164.57338679347524,189,20,20,73,27,36
2019/11/08 20:16:05.95,165.0171141867982,200,20,20,65,26,36
2019/11/08 20:16:05.96,165.310675843992,218,20,20,52,26,34
2019/11/08 20:16:06.01,165.35823695175657,222,20,20,44,26,33
2019/11/08 20:16:06.07,165.54601702331016,226,20,20,38,26,32
2019/11/08 20:16:06.13,165.14175251232973,238,21,20,34,26,31
2019/11/08 20:16:06.18,163.27685433676643,258,21,21,30,26,29
2019/11/08 20:16:06.18,161.15224231051457,280,21,21,27,26,27
2019/11/08 20:16:06.23,158.4072882780039,303,21,22,26,26,26
2019/11/08 20:16:06.36,156.11435485291236,310,23,23,25,25,25
2019/11/08 20:16:06.36,153.55572977996002,314,24,24,25,25,25
2019/11/08 20:16:06.41,150.22863141461184,313,28,25,25,25,25
2019/11/08 20:16:06.48,146.72593836141368,312,42,27,25,25,24
2019/11/08 20:16:06.53,143.19713234676223,304,82,30,24,24,24
2019/11/08 20:16:06.58,139.8632628984341,287,123,36,24,24,24
2019/11/08 20:16:06.58,136.11350209470152,269,165,44,24,24,24
2019/11/08 20:16:06.63,132.46398056663892,258,200,54,24,24,23
2019/11/08 20:16:06.75,127.96522033831152,253,230,72,24,23,23
2019/11/08 20:16:06.75,123.24231466434773,243,258,96,25,23,23
2019/11/08 20:16:06.81,118.21180045078135,235,279,118,25,24,23
2019/11/08 20:16:06.86,113.71695474624514,228,298,138,24,23,23
2019/11/08 20:16:06.92,109.78277403376433,222,316,152,24,23,23
2019/11/08 20:16:06.97,105.98130728121076,220,330,161,23,23,23
2019/11/08 20:16:07.03,102.32523248407522,220,343,170,23,23,22
2019/11/08 20:16:07.03,98.55830304328299,218,354,184,23,23,22
2019/11/08 20:16:07.16,94.43761406996052,216,366,194,22,23,22
2019/11/08 20:16:07.16,90.10676586845892,215,376,202,22,23,22
2019/11/08 20:16:07.21,85.90055808944521,214,387,214,22,23,22
2019/11/08 20:16:07.28,81.94465439861939,214,395,224,22,22,22
2019/11/08 20:16:07.33,77.78149071690329,214,405,232,22,22,22
2019/11/08 20:16:07.38,74.68786176280648,214,411,239,21,22,22
2019/11/08 20:16:07.43,72.47500022619607,212,412,243,21,21,21
2019/11/08 20:16:07.43,70.2601765410499,212,416,246,21,21,21
2019/11/08 20:16:07.56,66.93285009886955,212,420,248,21,21,21
2019/11/08 20:16:07.56,62.502589176189545,216,426,251,20,21,21
2019/11/08 20:16:07.61,59.63451325341904,222,430,256,20,20,21
2019/11/08 20:16:07.66,57.00305754113393,229,436,260,20,19,21
2019/11/08 20:16:07.71,55.69339135831865,234,438,265,20,19,21
2019/11/08 20:16:07.75,55.03680093162956,236,439,265,19,19,21
2019/11/08 20:16:07.80,54.933784134455884,236,438,266,19,19,21
2019/11/08 20:16:07.90,54.6706823791859,233,437,266,19,19,21
2019/11/08 20:16:07.95,54.66555794376816,232,436,265,19,19,21
2019/11/08 20:16:07.95,54.9565489409886,230,435,264,19,19,21
2019/11/08 20:16:08.00,55.224512761561705,228,434,264,19,19,21
2019/11/08 20:16:08.05,55.44419684386441,226,432,264,19,19,21
2019/11/08 20:16:08.10,55.59917626837934,225,432,263,19,19,21
2019/11/08 20:16:08.16,55.81669878134596,223,430,263,19,19,21
2019/11/08 20:16:08.21,55.92544905084379,223,430,263,19,19,21
2019/11/08 20:16:08.26,56.34878072885934,225,429,263,19,19,21
2019/11/08 20:16:08.31,57.74203460931708,226,427,263,19,19,21
2019/11/08 20:16:08.36,59.12684053105149,224,423,263,19,19,21
2019/11/08 20:16:08.41,61.06798091331245,220,420,261,20,19,21
2019/11/08 20:16:08.46,64.36225375720966,214,414,258,20,19,21
2019/11/08 20:16:08.51,66.94297887655956,212,408,255,20,20,21
2019/11/08 20:16:08.56,69.65944633088915,207,401,251,21,20,21
2019/11/08 20:16:08.62,72.39621570397556,205,393,246,21,21,21
2019/11/08 20:16:08.67,75.20568251280268,202,386,240,21,21,21
2019/11/08 20:16:08.72,78.35908315318248,200,378,234,21,22,22
2019/11/08 20:16:08.77,81.93247880281425,200,369,226,22,22,22
2019/11/08 20:16:08.83,86.51109277101182,200,356,217,22,22,22
2019/11/08 20:16:08.83,91.34237415593076,201,342,204,23,23,22
2019/11/08 20:16:08.96,95.97639299452067,205,327,188,23,24,22
2019/11/08 20:16:08.96,100.00952332527109,206,313,172,24,24,22
2019/11/08 20:16:09.01,103.63100537177804,207,296,154,24,24,22
2019/11/08 20:16:09.06,105.97177441989888,208,283,137,24,24,22
2019/11/08 20:16:09.12,108.1374650690052,208,271,125,25,24,22
2019/11/08 20:16:09.17,111.1694292608924,207,256,113,25,24,22
2019/11/08 20:16:09.22,114.11093705254294,210,246,99,25,24,22
2019/11/08 20:16:09.27,115.6320456359473,213,236,82,26,25,22
2019/11/08 20:16:09.33,116.92353834986199,212,225,71,26,25,22
2019/11/08 20:16:09.38,120.4694566819083,212,216,64,26,25,22
2019/11/08 20:16:09.38,124.569114819683,215,203,52,27,25,23
2019/11/08 20:16:09.43,129.288685932591,219,184,40,27,26,23
2019/11/08 20:16:09.56,134.9638376744811,224,154,33,28,26,23
2019/11/08 20:16:09.57,141.4747664151729,235,118,28,28,27,23
2019/11/08 20:16:09.61,147.7205093795187,265,81,24,29,28,23
2019/11/08 20:16:09.67,153.36289395654077,269,35,22,29,27,24
2019/11/08 20:16:09.73,159.04199716956293,272,24,21,29,28,24
2019/11/08 20:16:09.82,164.69534332084032,269,21,21,31,28,25
2019/11/08 20:16:09.82,166.58815892986522,236,20,20,35,29,26
2019/11/08 20:16:09.87,164.22839571970314,208,20,20,51,29,28
2019/11/08 20:16:09.94,162.74070040258616,178,20,20,69,29,30
2019/11/08 20:16:09.99,162.69466861766244,156,20,20,75,29,30
2019/11/08 20:16:09.99,162.47076027143498,148,20,20,68,28,30
2019/11/08 20:16:10.04,162.01754563267846,143,20,20,60,28,30
2019/11/08 20:16:10.15,161.99743789211286,140,20,20,57,28,30
2019/11/08 20:16:10.15,162.00914117820636,135,20,20,56,27,30
2019/11/08 20:16:10.20,162.19107531008066,131,20,20,57,27,29
2019/11/08 20:16:10.26,162.61318971236554,130,20,20,60,27,29
2019/11/08 20:16:10.31,162.8828080294309,132,20,20,61,27,29
2019/11/08 20:16:10.37,163.65706682118383,135,20,20,60,27,28
2019/11/08 20:16:10.42,164.6107846010962,152,20,20,59,27,28
2019/11/08 20:16:10.47,165.73339835853005,178,20,20,57,27,28
2019/11/08 20:16:10.53,166.6094912429091,199,20,20,54,26,27
2019/11/08 20:16:10.58,166.9623805676588,217,20,20,49,26,27
2019/11/08 20:16:10.63,167.0574243311439,234,20,20,42,26,26
2019/11/08 20:16:10.63,165.9816659765361,257,20,20,36,26,26
2019/11/08 20:16:10.75,163.46601680045185,291,20,20,30,26,25
2019/11/08 20:16:10.75,160.06346987232118,320,21,21,27,25,25
2019/11/08 20:16:10.80,156.58524958725386,328,22,21,26,25,24
2019/11/08 20:16:10.86,152.90182352664115,342,24,22,25,25,24
2019/11/08 20:16:10.91,149.5428459787203,343,29,22,25,25,24
2019/11/08 20:16:10.95,145.98789689339213,325,40,24,25,24,23
2019/11/08 20:16:11.01,143.3773259282863,311,78,26,25,24,23
2019/11/08 20:16:11.06,140.84529625974776,304,120,27,24,24,23
2019/11/08 20:16:11.11,138.9344016813941,288,137,29,24,24,23
2019/11/08 20:16:11.16,136.83200965794344,273,149,31,24,23,23
2019/11/08 20:16:11.21,134.91417938030932,269,178,30,24,23,23
2019/11/08 20:16:11.26,132.03765946899267,267,206,34,24,23,23
2019/11/08 20:16:11.31,128.4045439263014,260,227,43,24,23,23
2019/11/08 20:16:11.36,124.81861240886538,252,252,50,25,23,23
2019/11/08 20:16:11.42,120.9617226444795,244,272,68,25,23,22
2019/11/08 20:16:11.47,117.53459888785198,238,289,87,25,23,22
2019/11/08 20:16:11.53,114.52041445244667,233,303,100,24,23,22
2019/11/08 20:16:11.58,111.27318505980469,231,316,112,24,23,22
2019/11/08 20:16:11.63,108.3259459475378,230,328,122,24,22,22
2019/11/08 20:16:11.63,105.71011494670317,228,336,133,23,22,22
2019/11/08 20:16:11.75,103.03623049932442,226,345,144,23,22,22
2019/11/08 20:16:11.75,100.38617920289695,223,352,151,23,23,22
2019/11/08 20:16:11.81,97.68983430260481,221,358,157,23,23,22
2019/11/08 20:16:11.87,95.09303013000306,219,366,168,22,22,22
2019/11/08 20:16:11.92,92.10820142208009,218,373,179,22,22,22
2019/11/08 20:16:11.97,88.48248175816028,215,384,187,22,22,22
2019/11/08 20:16:12.03,83.60472670199191,217,393,197,22,22,22
2019/11/08 20:16:12.03,76.21489130637208,219,405,214,22,22,22
2019/11/08 20:16:12.18,68.98409377277015,223,419,227,22,22,21
2019/11/08 20:16:12.18,61.38874424447719,226,428,243,21,21,21
2019/11/08 20:16:12.23,57.76785584075281,230,434,256,20,19,21
2019/11/08 20:16:12.23,55.90789787219627,237,437,261,20,19,21
2019/11/08 20:16:12.39,56.351995051040234,239,438,263,19,19,21
2019/11/08 20:16:12.39,57.21596309936052,236,434,261,19,19,21
2019/11/08 20:16:12.39,57.4507570975638,230,433,258,19,19,21
2019/11/08 20:16:12.44,57.0848020544288,227,431,257,19,19,21
2019/11/08 20:16:12.55,56.704775756461935,225,431,256,19,19,20
2019/11/08 20:16:12.61,56.86183016795399,224,430,256,19,19,20
2019/11/08 20:16:12.62,57.90782882300183,222,430,255,19,19,20
2019/11/08 20:16:12.67,58.668846013387764,220,428,255,19,19,20
2019/11/08 20:16:12.72,59.44300220002308,217,425,254,19,19,21
2019/11/08 20:16:12.83,62.453651977752465,214,420,252,20,19,21
2019/11/08 20:16:12.83,65.93207081524713,214,411,249,20,20,21
2019/11/08 20:16:12.83,69.020699893461,208,404,243,20,20,21
2019/11/08 20:16:12.96,71.41560000055392,206,397,236,21,20,21
2019/11/08 20:16:12.97,73.97873948501025,206,388,228,21,20,21
2019/11/08 20:16:13.02,76.45370244183765,205,381,222,21,22,21
2019/11/08 20:16:13.07,79.48870031928719,204,374,214,22,22,21
2019/11/08 20:16:13.14,81.7729333311295,205,367,204,22,22,21
2019/11/08 20:16:13.20,83.68178111399646,204,359,195,22,22,21
2019/11/08 20:16:13.20,86.0052506650805,206,352,188,23,22,21
2019/11/08 20:16:13.25,88.3223866989673,206,346,181,23,23,22
2019/11/08 20:16:13.30,90.89762467335709,209,338,174,23,23,22
2019/11/08 20:16:13.36,93.92596887912588,211,329,161,23,23,22
2019/11/08 20:16:13.41,96.83986565936367,210,319,149,24,23,22
2019/11/08 20:16:13.47,99.15647107303076,210,311,141,24,23,22
2019/11/08 20:16:13.51,101.9864244527654,212,301,127,24,23,22
2019/11/08 20:16:13.57,104.70650656129132,214,291,113,24,23,22
2019/11/08 20:16:13.62,107.17808538751349,218,285,104,24,23,22
2019/11/08 20:16:13.67,109.79986522700568,220,277,92,24,23,22
2019/11/08 20:16:13.72,113.55049357023373,223,266,79,25,24,22
2019/11/08 20:16:13.77,117.60700873157022,226,250,62,26,24,22
2019/11/08 20:16:13.84,120.30540605915006,230,233,48,27,24,22
2019/11/08 20:16:13.84,121.59710846483604,231,223,40,27,24,22
2019/11/08 20:16:13.95,123.83042238569205,229,215,37,26,24,22
2019/11/08 20:16:13.96,126.05248736443752,226,202,35,27,25,22
2019/11/08 20:16:14.02,129.038503566183,225,185,33,27,25,23
2019/11/08 20:16:14.08,132.0747728788243,226,168,29,27,26,23
2019/11/08 20:16:14.13,135.84351493874905,233,141,27,28,26,23
2019/11/08 20:16:14.19,138.74768107313741,238,106,25,28,27,23
2019/11/08 20:16:14.19,140.8046575084322,243,77,24,27,27,23
2019/11/08 20:16:14.26,142.5955903857308,245,59,23,27,27,23
2019/11/08 20:16:14.31,144.30149375824848,246,43,22,27,27,23
2019/11/08 20:16:14.36,146.5425672725149,246,34,22,27,27,23
2019/11/08 20:16:14.44,149.20675799809158,243,30,22,27,27,23
2019/11/08 20:16:14.44,151.9747742031019,242,26,21,28,27,23
2019/11/08 20:16:14.56,155.90342897675373,245,23,21,28,27,23
2019/11/08 20:16:14.56,160.5315301260659,242,21,21,29,27,24
2019/11/08 20:16:14.62,164.7952384609718,230,20,20,30,28,25
2019/11/08 20:16:14.67,165.12969247635195,210,20,20,34,28,26
2019/11/08 20:16:14.74,163.45202220094924,185,20,20,44,29,27
2019/11/08 20:16:14.79,161.98850769249398,161,20,20,49,28,27
2019/11/08 20:16:14.79,161.5375102285989,146,20,20,55,28,27
2019/11/08 20:16:14.84,161.7333979867804,137,20,20,58,28,27
2019/11/08 20:16:14.97,162.31839112956578,131,20,20,56,27,27
2019/11/08 20:16:14.97,162.79199510472026,133,20,20,53,27,27
2019/11/08 20:16:15.03,163.1559587458266,138,20,20,52,27,26
2019/11/08 20:16:15.03,163.55231114009544,136,20,20,51,27,26
2019/11/08 20:16:15.15,162.8945776480778,138,20,20,50,27,26
2019/11/08 20:16:15.15,163.09683792625327,143,20,20,49,27,26
2019/11/08 20:16:15.21,163.33471812937384,142,20,19,48,27,26
2019/11/08 20:16:15.25,163.8249256241034,146,20,19,46,26,26
2019/11/08 20:16:15.31,164.1422293394803,156,20,20,45,26,26
2019/11/08 20:16:15.35,164.2318422101953,162,20,20,43,26,25
2019/11/08 20:16:15.41,164.889662128568,168,20,20,42,26,25
2019/11/08 20:16:15.46,165.26896449418086,173,20,20,41,26,25
2019/11/08 20:16:15.51,165.6141834053081,182,20,20,39,26,25
2019/11/08 20:16:15.56,166.12119551956746,191,20,20,37,26,25
2019/11/08 20:16:15.61,166.35890595288495,207,20,20,34,26,25
2019/11/08 20:16:15.66,166.11232527260913,224,20,20,31,25,25
2019/11/08 20:16:15.72,164.9957864694458,242,20,20,29,25,25
2019/11/08 20:16:15.77,162.97926533669812,274,20,20,26,25,24
2019/11/08 20:16:15.82,160.31540830294423,292,21,20,25,25,24
2019/11/08 20:16:15.87,156.98571586065552,298,21,21,25,25,24
2019/11/08 20:16:15.92,154.8020249975954,308,22,21,25,25,24
2019/11/08 20:16:15.97,152.5203330969895,305,23,21,25,25,23
2019/11/08 20:16:16.02,149.64452718758923,301,24,22,24,25,23
2019/11/08 20:16:16.08,146.30665143935153,300,28,22,24,24,23
2019/11/08 20:16:16.14,143.31888576365387,294,37,23,24,24,23
2019/11/08 20:16:16.19,140.31249655278947,283,61,25,24,24,23
2019/11/08 20:16:16.19,136.85882347272138,271,108,27,24,24,23
2019/11/08 20:16:16.24,133.31367202302482,260,156,30,24,24,23
2019/11/08 20:16:16.31,130.08870185966578,253,197,33,24,24,23
2019/11/08 20:16:16.37,126.7547699888372,244,218,39,24,24,23
2019/11/08 20:16:16.42,123.26620715174758,236,239,48,25,24,22
2019/11/08 20:16:16.47,119.65303705209236,228,259,62,25,24,22
2019/11/08 20:16:16.53,115.97515169210826,222,277,81,24,24,22
2019/11/08 20:16:16.58,112.5300626425025,219,292,102,24,23,22
2019/11/08 20:16:16.64,108.96473791131567,217,309,120,24,23,22
2019/11/08 20:16:16.64,105.6511749976148,218,321,136,23,23,22
2019/11/08 20:16:16.76,102.43503765932408,216,334,149,23,23,22
2019/11/08 20:16:16.76,98.48667704829381,215,343,158,23,23,22
2019/11/08 20:16:16.82,94.87412273037444,214,355,171,23,23,22
2019/11/08 20:16:16.88,91.26500485014815,213,367,180,22,23,22
2019/11/08 20:16:16.96,88.05585597021569,212,377,190,22,23,22
2019/11/08 20:16:17.02,86.03645647552318,210,381,199,22,22,22
2019/11/08 20:16:17.02,85.00610159832338,206,384,204,22,22,22
2019/11/08 20:16:17.07,84.39889631884259,202,386,206,22,22,21
2019/11/08 20:16:17.14,84.47793297724442,199,385,205,21,22,21
2019/11/08 20:16:17.20,85.10832180194947,195,382,204,21,22,21
2019/11/08 20:16:17.20,86.6644821357226,194,379,201,21,22,21
2019/11/08 20:16:17.26,88.10341934249398,195,373,197,21,22,21
2019/11/08 20:16:17.31,89.47257216427865,197,366,193,22,22,21
2019/11/08 20:16:17.38,91.07413385625077,197,359,187,22,22,21
2019/11/08 20:16:17.45,93.64935669131953,197,350,182,22,22,21
2019/11/08 20:16:17.45,97.71635298287445,199,338,173,22,23,21
2019/11/08 20:16:17.50,103.71566639867629,204,323,156,23,23,22
2019/11/08 20:16:17.64,108.91203061494896,210,303,136,23,23,22
2019/11/08 20:16:17.64,116.58302402260384,222,284,107,24,23,22
2019/11/08 20:16:17.64,125.49921770279548,224,244,65,26,24,22
2019/11/08 20:16:17.76,133.7146098302085,229,188,42,27,26,23
2019/11/08 20:16:17.76,140.22721448213744,245,128,29,28,26,23
2019/11/08 20:16:17.82,143.0054957156819,253,76,24,28,27,23
2019/11/08 20:16:17.88,143.82007462197288,252,47,23,27,26,23
2019/11/08 20:16:17.94,144.30460403969812,247,39,23,27,26,23
2019/11/08 20:16:17.99,144.8299698383477,242,35,23,26,26,23
2019/11/08 20:16:17.99,145.35941812082183,241,34,22,26,26,23
2019/11/08 20:16:18.05,145.4389752588137,240,32,22,26,26,23
2019/11/08 20:16:18.11,144.4735014849787,241,31,22,26,25,23
2019/11/08 20:16:18.16,143.16283536563475,240,33,22,26,25,22
2019/11/08 20:16:18.22,141.8379597358592,240,38,22,25,25,22
2019/11/08 20:16:18.27,140.98922454880451,237,44,22,25,25,22
2019/11/08 20:16:18.32,140.44298784439627,234,53,23,25,25,22
2019/11/08 20:16:18.38,139.68689497495586,232,61,23,25,24,22
2019/11/08 20:16:18.38,138.66706514234053,231,77,23,24,24,22
2019/11/08 20:16:18.44,137.398107658712,232,95,23,24,24,22
2019/11/08 20:16:18.55,136.49448008900805,231,110,24,24,24,22
2019/11/08 20:16:18.55,135.7269813317776,228,121,24,24,24,22
2019/11/08 20:16:18.60,134.74275722279273,228,135,25,24,24,22
2019/11/08 20:16:18.66,133.2115084951708,227,152,25,24,24,22
2019/11/08 20:16:18.71,131.5809067484065,227,170,26,24,24,22
2019/11/08 20:16:18.76,129.77851342983902,226,191,28,24,24,22
2019/11/08 20:16:18.82,127.30974633253518,223,213,30,25,23,22
2019/11/08 20:16:18.82,124.93421059457263,222,227,33,25,23,22
2019/11/08 20:16:18.96,123.12312452677043,221,240,36,24,23,22
2019/11/08 20:16:18.96,121.33172603403344,217,248,40,24,23,22
2019/11/08 20:16:19.03,119.448731652164,216,258,45,24,23,22
2019/11/08 20:16:19.03,117.46319803542545,216,266,51,24,23,22
2019/11/08 20:16:19.15,114.85179160727431,216,279,59,24,23,22
2019/11/08 20:16:19.15,112.134488110482,215,295,73,24,23,22
2019/11/08 20:16:19.21,108.65043667728992,217,311,89,24,22,22
2019/11/08 20:16:19.26,105.14427475824402,216,328,105,23,22,22
2019/11/08 20:16:19.31,101.80491830627616,218,340,121,23,22,22
2019/11/08 20:16:19.37,97.9967417932514,217,351,137,23,22,21
2019/11/08 20:16:19.43,94.740946713156,216,361,148,22,22,21
2019/11/08 20:16:19.44,91.97927870871403,214,368,160,22,22,21
2019/11/08 20:16:19.55,89.47164706405108,214,375,170,22,22,21
2019/11/08 20:16:19.55,87.20548737467414,210,380,178,22,22,21
2019/11/08 20:16:19.60,84.91633430365269,208,385,185,22,22,21
2019/11/08 20:16:19.65,82.67586979516011,207,390,192,22,22,21
2019/11/08 20:16:19.71,80.36989716427733,208,396,201,21,22,21
2019/11/08 20:16:19.76,78.04244397806049,206,400,207,21,21,21
2019/11/08 20:16:19.83,75.26874092148033,207,404,215,21,21,21
2019/11/08 20:16:19.88,73.56861912486434,206,406,220,21,21,21
2019/11/08 20:16:19.94,72.15188172084451,206,410,224,21,21,21
2019/11/08 20:16:19.99,71.11931096302814,203,409,226,20,21,21
2019/11/08 20:16:19.99,70.24277130247145,201,409,227,20,21,21
2019/11/08 20:16:20.04,69.96982692261717,200,408,228,20,21,21
2019/11/08 20:16:20.17,70.06649836099396,198,409,230,20,21,21
2019/11/08 20:16:20.17,70.70276098785442,195,406,228,20,21,21
2019/11/08 20:16:20.22,71.08863194801611,193,404,227,20,21,21
2019/11/08 20:16:20.27,71.9548607176587,190,402,225,20,21,21
2019/11/08 20:16:20.32,73.11620253739582,191,400,224,20,21,21
2019/11/08 20:16:20.37,74.68152417819691,186,395,222,20,21,21
2019/11/08 20:16:20.43,76.60016861399572,186,389,219,21,21,21
2019/11/08 20:16:20.43,79.36297192149443,189,381,215,21,21,21
2019/11/08 20:16:20.57,82.8017775951714,191,373,209,22,22,21
2019/11/08 20:16:20.57,85.51522580725695,192,362,200,22,22,21
2019/11/08 20:16:20.63,87.93425519570731,195,352,190,22,22,21
2019/11/08 20:16:20.63,91.34142961405803,197,341,181,22,23,21
2019/11/08 20:16:20.76,95.53036859040526,201,328,172,23,23,21
2019/11/08 20:16:20.76,100.86427383196414,205,309,151,23,23,21
2019/11/08 20:16:20.81,105.57130320605751,207,291,129,24,23,22
2019/11/08 20:16:20.86,109.8387404943155,212,271,105,24,23,22
2019/11/08 20:16:20.91,112.55728152561642,213,256,87,24,24,22
2019/11/08 20:16:20.97,115.06465646932094,213,238,70,25,24,22
2019/11/08 20:16:21.02,117.23267585083097,214,224,57,25,24,22
2019/11/08 20:16:21.07,118.19606727207385,214,215,49,25,24,22
2019/11/08 20:16:21.12,118.34381988960789,215,212,45,25,24,22
2019/11/08 20:16:21.18,117.84615371287785,211,208,43,25,24,22
2019/11/08 20:16:21.23,117.62596925896749,208,208,43,24,23,22
2019/11/08 20:16:21.23,117.36500131841699,207,208,42,24,23,21
2019/11/08 20:16:21.38,117.09503149069211,207,209,42,24,23,21
2019/11/08 20:16:21.38,117.06319805454287,204,208,42,24,23,21
2019/11/08 20:16:21.44,116.84574632753282,203,208,42,24,23,21
2019/11/08 20:16:21.44,116.47772630331045,203,209,42,24,23,21
2019/11/08 20:16:21.55,115.85123051474086,204,213,42,24,23,21
2019/11/08 20:16:21.55,115.23881272650279,202,216,43,23,23,21
2019/11/08 20:16:21.60,114.72676398410678,201,218,44,23,23,21
2019/11/08 20:16:21.65,114.23291145870492,199,222,44,23,23,21
2019/11/08 20:16:21.70,113.62488076501596,201,228,45,23,23,21
2019/11/08 20:16:21.78,112.61040004353168,199,233,46,23,23,21
2019/11/08 20:16:21.83,111.18324136772642,198,243,51,23,23,21
2019/11/08 20:16:21.83,109.38787989305041,199,255,58,23,23,21
2019/11/08 20:16:21.96,107.23061456745913,202,272,70,23,23,21
2019/11/08 20:16:22.01,105.21506287513911,198,281,81,23,22,21
2019/11/08 20:16:22.01,103.68497089000077,196,289,88,23,22,21
2019/11/08 20:16:22.06,102.32568028177995,195,297,94,23,22,21
2019/11/08 20:16:22.11,100.9922497618717,197,308,105,23,22,21
2019/11/08 20:16:22.16,98.46934199116548,194,314,114,23,22,21
2019/11/08 20:16:22.22,96.34128804804443,195,324,124,22,22,21
2019/11/08 20:16:22.27,94.28417252077685,195,335,133,22,22,21
2019/11/08 20:16:22.31,92.08158004812427,194,346,142,22,22,21
2019/11/08 20:16:22.37,90.19519965665363,193,351,147,22,22,21
2019/11/08 20:16:22.42,88.34821722848179,192,359,159,22,22,21
2019/11/08 20:16:22.47,86.43327097718729,191,367,167,22,22,21
2019/11/08 20:16:22.52,84.65133096630169,192,377,173,22,22,21
2019/11/08 20:16:22.58,82.52933587271009,189,379,180,21,21,21
2019/11/08 20:16:22.63,81.12904440048405,188,382,187,21,21,21
2019/11/08 20:16:22.63,80.31255598420178,189,386,191,21,21,21
2019/11/08 20:16:22.77,79.03255140463374,192,393,194,21,21,21
2019/11/08 20:16:22.77,77.09515474704901,188,393,198,21,21,21
2019/11/08 20:16:22.83,75.52212974029916,188,397,204,21,21,21
2019/11/08 20:16:22.83,74.44070048168503,188,399,209,21,21,21
2019/11/08 20:16:22.95,73.71532010885475,191,404,213,21,21,21
2019/11/08 20:16:22.96,72.8826478242337,188,403,213,20,21,21
2019/11/08 20:16:23.01,71.46863703257505,190,406,215,20,20,21
2019/11/08 20:16:23.06,69.97583627609562,192,408,218,20,19,21
2019/11/08 20:16:23.20,68.7334214527863,197,414,223,20,21,21
2019/11/08 20:16:23.21,67.63097951163695,194,411,224,20,19,21
2019/11/08 20:16:23.21,67.14412048842874,194,412,226,20,19,20
2019/11/08 20:16:23.26,67.92304378296477,192,410,226,20,19,20
2019/11/08 20:16:23.32,69.05739584768051,193,412,227,20,19,20
2019/11/08 20:16:23.37,69.86990960970428,186,405,224,20,19,20
2019/11/08 20:16:23.42,69.99756656675805,184,404,221,20,19,20
2019/11/08 20:16:23.42,69.90499944140879,185,402,221,20,19,20
2019/11/08 20:16:23.55,70.35206890331528,187,406,222,20,19,20
2019/11/08 20:16:23.55,71.54498126218432,182,399,220,20,19,20
2019/11/08 20:16:23.60,72.14163321672467,181,397,219,20,19,20
2019/11/08 20:16:23.65,72.74136759418796,182,395,217,20,21,20
2019/11/08 20:16:23.70,73.25877424624869,185,397,217,20,21,20
2019/11/08 20:16:23.75,74.05857001201312,181,390,215,20,21,20
2019/11/08 20:16:23.81,74.96268371929838,180,387,214,20,21,20
2019/11/08 20:16:23.86,75.9517720995726,180,385,211,20,21,20
2019/11/08 20:16:23.91,76.67557781585322,183,387,210,21,21,21
2019/11/08 20:16:23.96,77.33110246495694,179,379,207,21,21,21
2019/11/08 20:16:24.01,78.49248471715507,181,376,203,21,21,21
2019/11/08 20:16:24.06,79.34051969619543,180,371,201,21,21,21
2019/11/08 20:16:24.21,80.66433263133207,185,373,200,21,21,21
2019/11/08 20:16:24.21,81.76741775507418,180,364,194,21,21,21
2019/11/08 20:16:24.21,82.30742526972205,180,361,191,21,21,21
2019/11/08 20:16:24.26,82.47944488403124,180,358,188,21,21,21
2019/11/08 20:16:24.31,83.31446723491261,184,361,187,21,22,21
2019/11/08 20:16:24.36,84.21788874449133,181,354,184,21,22,21
2019/11/08 20:16:24.42,85.38014716029413,182,351,182,21,22,21
2019/11/08 20:16:24.47,86.70899060081231,183,347,177,22,22,21
2019/11/08 20:16:24.54,88.25797900735623,188,346,174,22,22,21
2019/11/08 20:16:24.60,89.44454190449909,184,337,167,22,22,21
2019/11/08 20:16:24.60,90.72778619322729,186,332,161,22,22,21
2019/11/08 20:16:24.67,92.27009423993864,186,328,155,22,22,21
2019/11/08 20:16:24.72,93.40138488778678,191,327,150,22,23,21
2019/11/08 20:16:24.78,94.7770682456933,188,319,143,22,22,21
2019/11/08 20:16:24.83,96.05771677689708,188,314,138,22,22,21
2019/11/08 20:16:24.83,97.14065374725033,188,309,133,22,22,21
2019/11/08 20:16:24.96,98.36388390835306,192,309,128,22,23,21
2019/11/08 20:16:24.96,99.18271735974209,187,301,122,22,23,21
2019/11/08 20:16:25.01,99.86932218543477,185,297,119,22,22,21
2019/11/08 20:16:25.09,100.50845031254433,185,294,115,22,22,21
2019/11/08 20:16:25.15,101.39134141272098,188,295,113,22,22,21
2019/11/08 20:16:25.15,102.31685704701643,185,289,107,22,22,21
2019/11/08 20:16:25.21,103.18106854661006,186,285,103,22,22,21
2019/11/08 20:16:25.27,104.13628926384531,187,280,98,22,23,21
2019/11/08 20:16:25.33,105.135968180714,190,279,94,23,23,21
2019/11/08 20:16:25.39,106.30902207507151,187,271,88,23,23,21
2019/11/08 20:16:25.40,107.60011169536335,188,266,82,23,23,21
2019/11/08 20:16:25.45,108.12408893671548,189,261,77,23,23,21
2019/11/08 20:16:25.50,108.85104887959656,193,261,72,23,23,21
2019/11/08 20:16:25.56,109.46325013615235,188,254,68,23,23,21
2019/11/08 20:16:25.61,110.13034073413854,189,251,66,23,23,21
2019/11/08 20:16:25.67,110.4161443794961,188,248,62,23,23,21
2019/11/08 20:16:25.75,110.47366589029878,192,250,61,23,23,21
2019/11/08 20:16:25.75,110.60247616916031,186,245,59,22,23,21
2019/11/08 20:16:25.88,110.88895328788139,185,243,58,22,23,21
2019/11/08 20:16:25.88,110.80405661808624,185,242,57,22,22,21
2019/11/08 20:16:25.93,111.1347553977237,189,245,56,22,23,21
2019/11/08 20:16:26.04,111.01428125378112,184,241,55,22,22,21
2019/11/08 20:16:26.04,111.0102084627884,184,240,55,22,22,21
2019/11/08 20:16:26.04,111.46107398835414,183,240,54,22,22,21
2019/11/08 20:16:26.16,111.81339965124671,187,243,54,22,22,21
2019/11/08 20:16:26.16,111.53598112450533,182,239,54,22,22,21
2019/11/08 20:16:26.21,111.26664180601915,182,238,53,22,22,21
2019/11/08 20:16:26.27,110.73784703824266,182,238,54,22,22,21
2019/11/08 20:16:26.33,109.56277024652476,188,244,55,22,22,21
2019/11/08 20:16:26.38,106.36702460758205,185,253,60,22,22,21
2019/11/08 20:16:26.38,101.69367951134801,186,284,79,22,22,21
2019/11/08 20:16:26.44,94.53878087092788,190,320,115,22,22,21
2019/11/08 20:16:26.55,87.30900628214752,198,358,157,22,22,21
2019/11/08 20:16:26.55,79.98830968548943,192,380,191,22,22,21
2019/11/08 20:16:26.60,73.89026840344528,194,396,216,21,21,21
2019/11/08 20:16:26.66,69.1378657641942,195,408,232,20,20,21
2019/11/08 20:16:26.71,66.5348785033656,203,418,245,20,20,21
2019/11/08 20:16:26.77,65.49144563484003,200,416,245,20,19,20
2019/11/08 20:16:26.82,65.43148182623122,198,415,245,20,19,20
2019/11/08 20:16:26.87,65.20940464624996,196,414,245,20,19,20
2019/11/08 20:16:26.92,65.21776231757522,198,418,246,20,19,20
2019/11/08 20:16:26.97,65.41326776143899,192,412,244,20,19,20
2019/11/08 20:16:27.03,65.58458058615834,191,411,243,20,19,20
2019/11/08 20:16:27.03,65.87674486901986,190,410,242,20,19,20
2019/11/08 20:16:27.17,65.6796750074268,194,414,243,20,19,20
2019/11/08 20:16:27.17,65.50694967648012,188,409,241,20,19,20
2019/11/08 20:16:27.22,65.27250365138747,187,409,241,20,19,20
2019/11/08 20:16:27.27,65.44788341369193,187,408,241,20,19,20
2019/11/08 20:16:27.32,65.8379377829794,190,412,243,20,19,20
2019/11/08 20:16:27.37,66.54216476562453,184,406,241,20,19,20
2019/11/08 20:16:27.44,67.34387934201804,181,403,240,20,19,20
2019/11/08 20:16:27.44,68.10491552675047,179,400,239,20,19,20
2019/11/08 20:16:27.52,69.17735803040598,181,401,238,20,20,20
2019/11/08 20:16:27.58,70.22212311303326,175,392,235,20,20,20
2019/11/08 20:16:27.63,71.43278380530587,176,388,232,20,21,20
2019/11/08 20:16:27.63,71.82283218489455,177,384,228,20,20,20
2019/11/08 20:16:27.75,73.46310527944217,180,385,228,21,21,20
2019/11/08 20:16:27.75,76.48485378053607,175,375,221,21,21,20
2019/11/08 20:16:27.80,78.03151895598914,174,368,216,21,21,21
2019/11/08 20:16:28.16,79.7698257116911,175,363,211,21,21,21
2019/11/08 20:16:28.16,81.26658221257975,180,363,208,21,22,21
2019/11/08 20:16:28.16,82.3508199093413,175,354,201,21,22,21
2019/11/08 20:16:28.16,83.26066341229928,174,349,197,21,22,21
2019/11/08 20:16:28.16,84.48766081223219,174,344,194,21,22,21
2019/11/08 20:16:28.18,85.49936829864164,179,344,192,22,22,21
2019/11/08 20:16:28.18,86.3307770967035,175,337,187,21,22,21
2019/11/08 20:16:28.23,87.26341302802443,174,333,183,22,22,21
2019/11/08 20:16:28.23,88.14637183164236,174,330,179,22,22,21
2019/11/08 20:16:28.35,89.34118310511298,178,330,178,22,22,21
2019/11/08 20:16:28.35,90.73730200473186,175,322,171,22,22,21
2019/11/08 20:16:28.41,91.81538477589852,177,317,165,22,23,21
2019/11/08 20:16:28.46,93.05429291590262,177,313,159,22,23,21
2019/11/08 20:16:28.51,93.9852975803618,181,312,155,22,23,21
2019/11/08 20:16:28.64,95.01151327683792,178,304,150,22,23,21
2019/11/08 20:16:28.64,96.14506770528848,178,300,145,22,23,21
2019/11/08 20:16:28.64,96.64674587200786,177,296,142,22,22,21
2019/11/08 20:16:28.75,97.25820369925616,183,299,139,22,22,21
2019/11/08 20:16:28.76,98.26652107965715,178,294,133,22,22,21
2019/11/08 20:16:28.81,99.45135416578725,179,291,130,22,22,21
2019/11/08 20:16:28.88,101.07024792161641,179,286,123,22,23,21
2019/11/08 20:16:28.94,102.06732438498778,185,283,117,22,23,21
2019/11/08 20:16:29.00,103.54273484557044,183,275,105,22,23,21
2019/11/08 20:16:29.00,105.37519615908325,183,270,97,23,23,21
2019/11/08 20:16:29.05,105.72924355087551,184,267,91,22,23,21
2019/11/08 20:16:29.15,106.72801484140768,195,268,87,23,23,21
2019/11/08 20:16:29.15,106.98620907262932,185,260,82,22,23,21
2019/11/08 20:16:29.21,107.30746053060716,184,258,78,22,23,21
2019/11/08 20:16:29.26,108.02696786709063,184,256,75,22,23,21
2019/11/08 20:16:29.32,108.03574932775491,194,258,74,22,23,21
2019/11/08 20:16:29.38,109.07823916809421,184,251,71,22,23,21
2019/11/08 20:16:29.38,109.97239241496072,187,248,69,22,23,21
2019/11/08 20:16:29.45,110.69054944446853,187,246,65,22,23,21
2019/11/08 20:16:29.56,110.82962204251812,197,248,64,23,23,21
2019/11/08 20:16:29.56,111.19730028229228,186,242,61,22,23,21
2019/11/08 20:16:29.61,111.91448032695772,186,240,60,23,23,21
2019/11/08 20:16:29.66,112.93643632351628,188,236,58,23,23,21
2019/11/08 20:16:29.72,113.38415584883188,201,237,56,23,23,21
2019/11/08 20:16:29.77,113.21656737597405,189,231,53,23,23,21
2019/11/08 20:16:29.87,113.15927206935974,188,230,51,23,23,21
2019/11/08 20:16:29.87,113.16064082435479,186,229,50,23,23,21
2019/11/08 20:16:29.92,113.16770285770504,197,232,50,23,23,21
2019/11/08 20:16:29.98,113.09637541953649,186,227,49,22,22,21
2019/11/08 20:16:30.03,113.2235553933436,185,227,49,22,22,21
2019/11/08 20:16:30.03,113.41016620749653,185,227,49,22,22,21
2019/11/08 20:16:30.15,113.54181626296592,195,230,49,22,23,21
2019/11/08 20:16:30.15,113.64903102920498,184,226,48,22,22,21
2019/11/08 20:16:30.21,113.6756593088717,184,225,47,22,22,21
2019/11/08 20:16:30.27,113.35960947732372,184,225,47,22,22,21
2019/11/08 20:16:30.33,113.27375790417626,193,229,47,22,22,21
2019/11/08 20:16:30.38,113.24755839187132,183,224,46,22,22,21
2019/11/08 20:16:30.43,113.64497810935798,182,224,46,22,22,21
2019/11/08 20:16:30.44,114.07232672945665,182,224,45,22,22,21
2019/11/08 20:16:30.55,114.15647466895228,192,227,46,22,23,21
2019/11/08 20:16:30.56,114.08706997526076,182,223,45,22,22,21
2019/11/08 20:16:30.61,114.19343730222992,182,222,45,22,22,21
2019/11/08 20:16:30.66,114.35898689498838,181,222,45,22,22,21
2019/11/08 20:16:30.71,114.36991542560197,190,226,45,22,22,21
2019/11/08 20:16:30.77,114.2291415489236,181,221,44,22,22,21
2019/11/08 20:16:30.82,113.96546750556152,180,221,44,22,22,21
2019/11/08 20:16:30.87,113.54261195431073,180,221,44,22,22,21
2019/11/08 20:16:30.92,113.25341367845017,188,232,44,22,22,21
2019/11/08 20:16:30.98,113.06856779445589,179,221,44,22,22,21
2019/11/08 20:16:31.04,112.8387568414466,179,222,44,22,22,21
2019/11/08 20:16:31.04,112.57469288846355,178,222,44,22,22,21
2019/11/08 20:16:31.16,112.47849339765553,186,234,45,22,22,21
2019/11/08 20:16:31.16,112.23400739679467,177,224,45,22,22,21
2019/11/08 20:16:31.22,112.1548136949012,176,225,45,22,22,21
2019/11/08 20:16:31.27,111.88068552223366,176,225,45,22,22,21
2019/11/08 20:16:31.32,111.84384994943115,183,238,45,22,22,21
2019/11/08 20:16:31.38,112.00983206683591,175,227,45,22,22,21
2019/11/08 20:16:31.43,112.19438645340728,175,227,45,22,22,21
2019/11/08 20:16:31.43,112.16842837341021,174,225,45,22,22,21
2019/11/08 20:16:31.56,112.2408660423894,181,236,45,22,22,21
2019/11/08 20:16:31.56,112.44130809512374,174,224,44,22,22,21
2019/11/08 20:16:31.61,112.4590892422733,174,224,44,22,22,21
2019/11/08 20:16:31.67,112.66397870499206,173,223,44,22,22,21
2019/11/08 20:16:31.72,112.453732867322,179,234,44,22,22,21
2019/11/08 20:16:31.77,112.56416629612652,173,223,44,22,22,21
2019/11/08 20:16:31.84,112.6956379570343,173,223,44,22,22,21
2019/11/08 20:16:31.84,112.705735378378,172,222,44,22,22,20
2019/11/08 20:16:31.96,112.69184750123748,178,234,44,22,22,21
2019/11/08 20:16:31.96,112.4605944602613,172,222,43,21,22,21
2019/11/08 20:16:32.01,112.71257516501854,173,222,43,21,22,20
2019/11/08 20:16:32.07,113.02547761768732,172,222,43,21,22,20
2019/11/08 20:16:32.12,112.99017370268943,178,233,43,22,22,21
2019/11/08 20:16:32.19,112.82882137674459,172,221,43,21,22,20
2019/11/08 20:16:32.22,112.45435791614109,172,221,43,21,22,20
2019/11/08 20:16:32.22,112.20726021229288,171,223,43,21,22,20
2019/11/08 20:16:32.39,111.45732726580499,175,237,44,22,22,21
2019/11/08 20:16:32.40,111.18243035955379,171,229,44,21,22,20
2019/11/08 20:16:32.40,111.13302617472931,171,230,44,21,22,21
2019/11/08 20:16:32.44,111.09301738450911,171,230,44,21,22,20
2019/11/08 20:16:32.56,111.17281088161216,174,241,45,22,22,21
2019/11/08 20:16:32.56,111.11710247651814,171,230,44,21,22,20
2019/11/08 20:16:32.61,111.08425556699538,170,230,44,21,22,20
2019/11/08 20:16:32.67,110.64774075597111,170,230,44,21,22,20
2019/11/08 20:16:32.73,111.23835169058465,172,240,46,22,22,21
2019/11/08 20:16:32.78,111.461124561216,170,229,44,21,22,20
2019/11/08 20:16:32.78,111.40096241957932,169,229,44,21,22,20
2019/11/08 20:16:32.84,111.30805203304259,169,229,44,21,22,20
2019/11/08 20:16:32.96,111.01791233301446,171,239,46,21,22,21
2019/11/08 20:16:32.96,111.01935215176589,169,229,44,21,22,20
2019/11/08 20:16:33.01,111.15289199041318,169,229,44,21,22,20
2019/11/08 20:16:33.06,111.14608820989568,169,229,44,21,22,20
2019/11/08 20:16:33.12,110.85068790701581,170,240,46,21,22,21
2019/11/08 20:16:33.18,110.95335610540987,169,231,44,21,22,20
2019/11/08 20:16:33.26,110.80193471663456,169,231,44,21,22,20
2019/11/08 20:16:33.26,111.04966632302428,169,231,44,21,22,20
2019/11/08 20:16:33.32,111.28457923277284,169,239,46,21,22,21
2019/11/08 20:16:33.37,111.58982912490387,168,230,44,21,22,20
2019/11/08 20:16:33.42,110.95099988472394,168,230,44,21,22,20
2019/11/08 20:16:33.42,111.34939821895055,168,229,44,21,22,20
2019/11/08 20:16:33.58,111.30887329571235,168,237,46,21,22,21
2019/11/08 20:16:33.58,111.11684185044304,168,229,44,21,22,20
2019/11/08 20:16:33.61,111.00512333408625,167,229,44,21,22,20
2019/11/08 20:16:33.67,110.42039559313164,168,229,44,21,22,20
2019/11/08 20:16:33.75,111.1354393799189,168,236,46,21,22,21
2019/11/08 20:16:33.80,110.86358598065105,168,229,44,21,22,20
2019/11/08 20:16:33.80,110.54348948076844,167,229,44,21,22,20
2019/11/08 20:16:33.93,110.47422310306764,168,231,45,21,22,20
2019/11/08 20:16:33.93,110.42633256342283,169,238,47,22,22,21
2019/11/08 20:16:33.99,110.01845327395309,169,233,46,21,22,20
2019/11/08 20:16:33.99,109.98051244370677,169,235,46,21,22,20
2019/11/08 20:16:34.05,109.81916245042395,170,238,47,21,22,20
2019/11/08 20:16:34.11,109.49635546279065,170,244,50,21,22,21
2019/11/08 20:16:34.16,108.9366639355553,170,238,48,21,22,20
2019/11/08 20:16:34.22,108.71897891573441,170,239,48,21,22,20
2019/11/08 20:16:34.28,109.09544271024188,169,241,48,21,22,20
2019/11/08 20:16:34.33,108.39681089300315,170,247,51,21,22,21
2019/11/08 20:16:34.39,108.52545697069358,169,244,50,21,22,20
2019/11/08 20:16:34.39,108.30953881766838,170,247,52,21,22,20
2019/11/08 20:16:34.52,108.09770213194915,170,248,53,21,22,20
2019/11/08 20:16:34.52,107.89463904995911,170,252,56,22,22,21
2019/11/08 20:16:34.60,107.81230650921509,169,249,54,21,22,20
2019/11/08 20:16:34.65,107.11951052959748,169,249,54,21,22,20
2019/11/08 20:16:34.65,107.50572449436007,169,249,54,21,22,20
2019/11/08 20:16:34.70,107.54315333692192,169,251,56,22,22,21
2019/11/08 20:16:34.75,107.04865038220575,168,249,53,21,22,20
2019/11/08 20:16:34.81,106.96177911447049,168,249,53,21,22,20
2019/11/08 20:16:34.86,107.03873004201529,168,249,53,21,22,20
2019/11/08 20:16:34.92,106.37027284271487,167,250,55,22,22,21
2019/11/08 20:16:34.98,106.87620400970422,167,248,53,21,22,20
2019/11/08 20:16:35.05,106.79405482322994,167,249,54,21,22,20
2019/11/08 20:16:35.05,106.325770364108,166,250,54,21,21,20
2019/11/08 20:16:35.11,106.63388495883083,167,251,56,22,22,21
2019/11/08 20:16:35.16,106.3463310808414,166,249,55,21,21,20
2019/11/08 20:16:35.21,106.36730305818585,166,249,54,21,21,20
2019/11/08 20:16:35.27,106.40061552872785,166,249,54,21,21,20
2019/11/08 20:16:35.33,106.3486601831378,165,249,55,21,22,21
2019/11/08 20:16:35.38,106.31278478146267,165,249,54,21,21,20
2019/11/08 20:16:35.43,106.32953426335368,165,249,54,21,21,20
2019/11/08 20:16:35.43,106.81252656518011,164,248,53,21,21,20
2019/11/08 20:16:35.56,107.27871134516475,165,247,54,21,22,21
2019/11/08 20:16:35.56,107.26072047619691,164,247,52,21,21,20
2019/11/08 20:16:35.63,106.77915959231399,163,247,52,21,21,20
2019/11/08 20:16:35.68,106.7388171067471,163,247,52,21,21,20
2019/11/08 20:16:35.73,107.22748786477555,163,247,53,21,22,21
2019/11/08 20:16:35.78,107.22093888927766,163,246,52,21,21,20
2019/11/08 20:16:35.97,107.43344395130391,163,246,52,21,21,20
2019/11/08 20:16:35.97,107.62982351620728,163,246,52,21,21,20
2019/11/08 20:16:35.97,107.70111357044557,163,245,52,21,22,21
2019/11/08 20:16:35.97,108.48021375537223,163,244,51,21,21,20
2019/11/08 20:16:36.03,108.54592044049888,163,244,51,21,21,20
2019/11/08 20:16:36.03,108.54343492976574,162,243,50,21,21,20
2019/11/08 20:16:36.16,108.45593411756361,163,243,50,21,22,20
2019/11/08 20:16:36.16,107.93458328290912,162,243,50,21,21,20
2019/11/08 20:16:36.22,107.97014188117024,162,243,50,21,21,20
2019/11/08 20:16:36.27,108.4129370547654,162,243,50,21,21,20
2019/11/08 20:16:36.32,108.45289684511208,162,243,50,21,22,20
2019/11/08 20:16:36.38,108.45055367849298,162,243,50,21,21,20
2019/11/08 20:16:36.44,108.48648199399553,162,242,50,21,21,20
2019/11/08 20:16:36.45,108.50293239067135,162,242,50,21,21,20
2019/11/08 20:16:36.55,108.57337546076516,162,242,50,21,22,20
2019/11/08 20:16:36.55,108.02507627469024,161,242,50,21,21,20
2019/11/08 20:16:36.61,108.54178620685568,161,242,50,21,21,20
2019/11/08 20:16:36.67,108.61027665431665,161,242,50,21,21,20
2019/11/08 20:16:36.72,108.63428346336975,161,242,50,21,22,20
2019/11/08 20:16:36.80,108.6038968539109,161,242,50,21,21,20
2019/11/08 20:16:36.80,108.18466421813098,161,242,50,21,21,20
2019/11/08 20:16:36.85,108.11033815761184,160,242,50,21,21,20
2019/11/08 20:16:36.95,108.08124767507422,161,242,49,21,22,20
2019/11/08 20:16:36.95,108.11662723045423,160,242,50,21,21,20
2019/11/08 20:16:37.02,108.13633736318651,160,242,50,21,21,20
2019/11/08 20:16:37.07,108.26630046518353,161,242,50,21,21,20
2019/11/08 20:16:37.12,108.28775372160729,161,242,49,21,22,20
2019/11/08 20:16:37.17,108.29406337093442,161,241,49,21,21,20
2019/11/08 20:16:37.22,108.40042026158736,161,241,49,21,21,20
2019/11/08 20:16:37.28,108.41584003414748,161,241,49,21,21,20
2019/11/08 20:16:37.40,108.30524564194361,161,241,49,21,22,20
2019/11/08 20:16:37.40,108.28350855160686,160,241,49,21,21,20
2019/11/08 20:16:37.40,108.17679754967332,160,241,49,21,21,20
2019/11/08 20:16:37.45,107.72349804663965,160,241,49,21,21,20
2019/11/08 20:16:37.50,108.20750696112121,160,241,49,20,22,20
2019/11/08 20:16:37.55,108.2067004360252,160,241,49,21,21,20
2019/11/08 20:16:37.61,108.19195618861778,160,241,49,21,21,20
2019/11/08 20:16:37.66,107.85220883826324,160,241,49,21,21,20
2019/11/08 20:16:37.72,108.31031371797792,160,241,49,20,22,21
2019/11/08 20:16:37.77,108.41777831071012,160,240,49,21,21,20
2019/11/08 20:16:37.82,108.54741279836313,160,240,49,21,21,20
2019/11/08 20:16:37.88,108.58641769918678,160,240,48,21,21,20
2019/11/08 20:16:37.93,108.67868396707749,160,240,48,20,22,21
2019/11/08 20:16:37.98,108.6261097783086,159,240,48,21,21,20
2019/11/08 20:16:38.04,108.60604632680148,159,240,48,21,21,20
2019/11/08 20:16:38.04,108.57359678411382,159,240,48,21,21,20
