2019/11/08 19:15:17.57,153.241158232,488,94,23,18,20,20
2019/11/08 19:15:17.62,153.32770006488602,488,94,23,18,20,20
2019/11/08 19:15:17.68,153.26183642537404,488,94,23,18,20,20
2019/11/08 19:15:17.72,153.26522519189356,488,94,23,19,20,20
2019/11/08 19:15:17.78,153.224668217932,488,94,23,18,20,20
2019/11/08 19:15:17.86,153.37416393090177,488,94,23,18,20,20
2019/11/08 19:15:17.91,153.3982795597796,488,94,23,18,20,20
2019/11/08 19:15:18.00,153.4399789064789,488,94,23,18,20,20
2019/11/08 19:15:18.00,153.45405457967001,488,94,23,18,20,20
2019/11/08 19:15:18.15,153.56069967522544,488,94,23,18,20,20
2019/11/08 19:15:18.15,153.476563592102,488,93,23,18,20,20
2019/11/08 19:15:18.21,153.4847354218643,488,93,23,18,20,20
2019/11/08 19:15:18.21,153.47572407812848,488,93,23,18,20,20
2019/11/08 19:15:18.21,153.48825298761744,488,93,23,18,20,20
2019/11/08 19:15:18.37,153.5061413338155,488,93,23,18,20,20
2019/11/08 19:15:18.37,153.569297246551,488,93,23,18,20,20
2019/11/08 19:15:18.37,153.57496098449622,487,93,23,18,20,20
2019/11/08 19:15:18.42,153.57525831260295,487,93,23,18,20,20
2019/11/08 19:15:18.53,153.51797633126765,488,93,23,18,20,20
2019/11/08 19:15:18.60,152.91284337181327,487,93,23,18,20,20
2019/11/08 19:15:18.60,153.52707677729722,487,93,23,18,20,20
2019/11/08 19:15:18.60,153.4679181919871,487,93,23,18,20,20
2019/11/08 19:15:18.80,153.3534253123961,488,93,23,18,20,20
2019/11/08 19:15:18.80,152.68341538583502,487,93,23,18,20,20
2019/11/08 19:15:18.80,152.70102412868513,487,94,23,18,20,20
2019/11/08 19:15:18.80,153.80552317325754,487,94,23,18,20,20
2019/11/08 19:15:18.99,153.84180416034573,488,93,23,18,20,20
2019/11/08 19:15:18.99,153.88854664546693,487,93,23,18,20,20
2019/11/08 19:15:18.99,153.9521585422053,487,93,23,18,20,20
2019/11/08 19:15:19.12,154.01828677725032,487,93,23,18,20,20
2019/11/08 19:15:19.12,153.91601782417442,487,93,23,18,20,20
2019/11/08 19:15:19.18,153.83326947297576,487,92,23,18,20,20
2019/11/08 19:15:19.18,153.834964247665,487,92,23,18,20,20
2019/11/08 19:15:19.25,153.88817598756486,487,92,23,18,20,20
2019/11/08 19:15:19.31,153.82984335199686,487,92,23,18,20,20
2019/11/08 19:15:19.38,153.8180781570948,487,92,23,18,20,20
2019/11/08 19:15:19.38,153.79369701307178,487,93,23,18,20,20
2019/11/08 19:15:19.43,153.81080543022102,487,92,23,18,20,20
2019/11/08 19:15:19.53,153.8351939361883,487,92,23,18,20,20
2019/11/08 19:15:19.53,153.9322142232714,487,92,23,18,20,20
2019/11/08 19:15:19.58,153.98976182891937,487,92,23,18,20,20
2019/11/08 19:15:19.63,153.9141980125277,487,92,23,18,20,20
2019/11/08 19:15:19.70,153.9164236919559,487,92,23,18,20,20
2019/11/08 19:15:19.78,153.98686477957713,487,92,23,18,20,20
2019/11/08 19:15:19.78,153.95717848747478,487,92,23,18,20,20
2019/11/08 19:15:19.85,153.97618478181582,487,92,23,18,20,20
2019/11/08 19:15:19.90,153.97515280475693,487,92,23,18,20,20
2019/11/08 19:15:19.96,153.9477281142862,487,92,23,18,20,20
2019/11/08 19:15:20.01,153.50495629106553,487,92,23,18,20,20
2019/11/08 19:15:20.01,153.46227449407618,487,92,23,18,20,20
2019/11/08 19:15:20.13,153.4364030452708,487,92,23,18,20,20
2019/11/08 19:15:20.13,153.46442154287533,487,92,23,18,20,20
2019/11/08 19:15:20.20,153.50747109960705,486,92,23,18,20,20
2019/11/08 19:15:20.20,153.5412676650463,487,92,23,18,20,20
2019/11/08 19:15:20.32,153.5025589878665,487,92,23,18,20,20
2019/11/08 19:15:20.32,153.5890309526017,487,92,23,18,20,20
2019/11/08 19:15:20.37,153.77213261713854,487,91,23,18,20,20
2019/11/08 19:15:20.43,153.80638746973963,487,91,23,18,20,20
2019/11/08 19:15:20.52,153.7988311316417,487,91,23,19,20,20
2019/11/08 19:15:20.52,153.65100874095464,487,90,23,18,20,20
2019/11/08 19:15:20.57,153.81284189930733,487,90,23,19,20,20
2019/11/08 19:15:20.64,154.14709596697196,487,90,23,18,20,20
2019/11/08 19:15:20.72,154.11490177742442,487,90,23,19,20,20
2019/11/08 19:15:20.72,154.09842958335548,487,90,23,18,20,20
2019/11/08 19:15:20.78,154.19291641110578,486,90,23,18,20,20
2019/11/08 19:15:20.83,154.44603737085862,486,90,23,18,20,20
2019/11/08 19:15:20.89,154.34546127679346,487,89,23,19,20,20
2019/11/08 19:15:20.97,154.96541989627835,487,85,22,19,20,20
2019/11/08 19:15:20.97,155.81146746278716,488,79,22,19,21,20
2019/11/08 19:15:21.03,156.32615747031707,487,73,22,19,21,20
2019/11/08 19:15:21.13,156.69578100021724,487,67,22,19,21,20
2019/11/08 19:15:21.13,157.28836825863948,486,63,22,19,21,20
2019/11/08 19:15:21.19,157.9896867779975,486,58,22,19,21,20
2019/11/08 19:15:21.27,158.99059181956864,485,52,22,19,21,21
2019/11/08 19:15:21.34,160.03746059001196,485,45,22,20,21,21
2019/11/08 19:15:21.34,160.73345693520466,482,41,22,21,21,22
2019/11/08 19:15:21.39,161.4641870148199,479,37,21,22,21,22
2019/11/08 19:15:21.45,161.83285827331014,478,34,21,23,21,22
2019/11/08 19:15:21.49,162.40092827593327,476,33,21,24,22,22
2019/11/08 19:15:21.54,163.47597291417318,474,31,21,26,22,23
2019/11/08 19:15:21.59,164.05413543747858,471,29,20,29,22,23
2019/11/08 19:15:21.64,165.22712428960673,468,27,20,33,22,24
2019/11/08 19:15:21.74,165.4466345813029,465,26,20,37,22,24
2019/11/08 19:15:21.75,165.84885126883407,462,25,20,46,22,24
2019/11/08 19:15:21.82,166.24655299797732,460,24,20,75,22,25
2019/11/08 19:15:21.82,166.4037231487182,457,23,20,118,22,27
2019/11/08 19:15:21.96,166.5631924404118,450,22,19,159,23,29
2019/11/08 19:15:21.96,166.20789282478339,442,21,19,192,23,31
2019/11/08 19:15:22.02,165.61578780878085,432,20,19,223,24,33
2019/11/08 19:15:22.02,165.13040469214516,421,20,19,247,25,36
2019/11/08 19:15:22.15,164.41795698496028,411,20,19,265,26,38
2019/11/08 19:15:22.15,163.5303058724868,401,20,19,277,27,40
2019/11/08 19:15:22.21,162.88275673417002,392,20,19,292,29,42
2019/11/08 19:15:22.21,161.7597256353835,379,20,19,304,32,44
2019/11/08 19:15:22.33,160.79484896943075,368,20,19,316,37,45
2019/11/08 19:15:22.33,159.80722359654945,352,19,19,328,44,46
2019/11/08 19:15:22.38,158.74366977469523,336,19,19,337,57,46
2019/11/08 19:15:22.44,157.78390967426415,321,19,19,343,72,46
2019/11/08 19:15:22.50,156.81172535516123,306,19,19,351,89,45
2019/11/08 19:15:22.55,155.68356148702333,292,19,19,359,109,45
2019/11/08 19:15:22.60,154.4268572544534,277,19,19,371,132,44
2019/11/08 19:15:22.60,153.31618603206613,265,19,19,379,146,43
2019/11/08 19:15:22.68,151.75613399988103,255,19,19,387,167,41
2019/11/08 19:15:22.73,149.56337047555982,238,19,19,398,195,40
2019/11/08 19:15:22.81,146.94512997909575,222,19,19,414,221,38
2019/11/08 19:15:22.81,144.12081451154438,208,19,19,427,244,35
2019/11/08 19:15:22.92,142.67691340570593,197,19,19,438,262,32
2019/11/08 19:15:22.92,140.69019754246287,187,19,19,446,279,30
2019/11/08 19:15:22.98,138.52938473914483,179,19,19,452,291,29
2019/11/08 19:15:23.03,137.09531440734352,171,19,19,457,300,27
2019/11/08 19:15:23.09,134.48684756283,165,19,19,462,309,27
2019/11/08 19:15:23.16,131.76988259987786,160,19,19,467,319,26
2019/11/08 19:15:23.21,128.9383280562771,157,19,19,475,329,25
2019/11/08 19:15:23.22,125.43032378277336,151,19,19,479,337,24
2019/11/08 19:15:23.35,121.4638383529238,147,19,19,486,347,23
2019/11/08 19:15:23.35,118.00882570988352,143,19,19,492,356,23
2019/11/08 19:15:23.39,114.32899397769651,141,19,19,497,366,22
2019/11/08 19:15:23.48,110.66063029057622,139,19,19,502,371,22
2019/11/08 19:15:23.48,107.65209299394776,134,19,19,507,377,22
2019/11/08 19:15:23.54,104.82121780966182,136,18,19,508,380,22
2019/11/08 19:15:23.60,101.03409036332495,134,18,19,510,383,22
2019/11/08 19:15:23.60,97.45205718173297,133,18,19,510,389,22
2019/11/08 19:15:23.73,93.48074975794037,125,18,18,513,392,22
2019/11/08 19:15:23.74,89.7784448424981,123,18,18,514,393,22
2019/11/08 19:15:23.79,86.27943176916521,118,18,18,517,397,22
2019/11/08 19:15:23.87,82.86469775010711,114,18,18,521,399,22
2019/11/08 19:15:23.92,79.59563636381957,112,18,18,524,401,22
2019/11/08 19:15:23.92,76.2696189508903,111,18,18,526,402,22
2019/11/08 19:15:23.96,73.02147853112547,112,18,18,528,404,22
2019/11/08 19:15:24.02,69.1807401775696,108,18,18,531,406,22
2019/11/08 19:15:24.18,65.38604524738882,106,18,18,535,408,22
2019/11/08 19:15:24.18,61.672921495795634,102,18,18,537,409,23
2019/11/08 19:15:24.18,58.57326023710228,101,18,18,541,412,23
2019/11/08 19:15:24.23,55.82886239822621,102,18,18,542,414,23
2019/11/08 19:15:24.28,53.06987065182653,102,18,18,544,415,23
2019/11/08 19:15:24.34,49.53141035767921,98,18,18,546,417,24
2019/11/08 19:15:24.39,46.76224114432165,97,18,18,547,420,24
2019/11/08 19:15:24.45,44.811571251551115,95,18,18,548,422,25
2019/11/08 19:15:24.51,44.40439659478114,93,18,18,548,423,25
2019/11/08 19:15:24.57,44.519962672969626,89,18,18,546,422,25
2019/11/08 19:15:24.57,44.917441964955756,87,18,18,544,421,24
2019/11/08 19:15:24.66,45.29547872971136,85,18,18,544,420,24
2019/11/08 19:15:24.73,46.08838392798319,85,18,18,544,420,24
2019/11/08 19:15:24.73,47.32057486028182,86,18,18,544,419,24
2019/11/08 19:15:24.79,48.18615557807783,84,18,18,543,417,24
2019/11/08 19:15:24.84,48.94673538291834,84,18,18,542,415,23
2019/11/08 19:15:24.89,48.82976797356305,82,18,18,541,414,23
2019/11/08 19:15:24.94,49.1208408256092,81,18,18,539,413,23
2019/11/08 19:15:24.99,49.170009016886524,79,18,18,539,413,23
2019/11/08 19:15:25.05,49.40188947227472,78,18,18,538,412,23
2019/11/08 19:15:25.10,49.84115257502051,79,18,18,539,412,23
2019/11/08 19:15:25.14,50.30893203380602,78,18,18,537,411,23
2019/11/08 19:15:25.20,50.86124616395389,79,18,18,537,411,23
2019/11/08 19:15:25.25,51.63616865107872,81,18,18,537,410,23
2019/11/08 19:15:25.30,53.011597289341296,85,18,18,537,409,23
2019/11/08 19:15:25.35,55.06695185622107,89,18,18,535,407,23
2019/11/08 19:15:25.41,57.25215304026157,95,18,18,532,404,22
2019/11/08 19:15:25.41,59.40168725819631,95,18,18,528,402,22
2019/11/08 19:15:25.53,60.723658039617895,97,18,18,526,401,22
2019/11/08 19:15:25.53,61.95028347226482,97,18,18,523,397,22
2019/11/08 19:15:25.60,63.50273355472317,99,18,18,520,396,22
2019/11/08 19:15:25.65,65.32926716129114,101,18,18,518,394,22
2019/11/08 19:15:25.71,67.7397161272941,102,18,18,516,391,22
2019/11/08 19:15:25.77,69.41874541388223,104,18,18,513,389,21
2019/11/08 19:15:25.89,71.6190869533408,106,18,18,508,387,21
2019/11/08 19:15:25.89,73.58693683369475,109,18,18,505,384,21
2019/11/08 19:15:25.94,75.3063479901799,112,18,18,503,383,21
2019/11/08 19:15:26.01,77.29069646637736,114,18,18,499,380,21
2019/11/08 19:15:26.01,79.26105855291861,117,18,18,496,377,21
2019/11/08 19:15:26.01,81.53702760935681,120,19,19,492,374,21
2019/11/08 19:15:26.13,84.56699646757839,123,19,19,487,371,21
2019/11/08 19:15:26.14,87.52500137120195,128,19,19,481,367,21
2019/11/08 19:15:26.21,91.11950586762774,133,19,19,474,361,21
2019/11/08 19:15:26.32,95.62904448547793,139,19,19,464,355,21
2019/11/08 19:15:26.32,100.48908035141804,145,19,19,453,348,21
2019/11/08 19:15:26.32,106.17051264286664,151,19,19,439,340,22
2019/11/08 19:15:26.40,112.57045402719136,157,19,19,423,327,22
2019/11/08 19:15:26.48,119.47744032433818,166,19,20,404,309,22
2019/11/08 19:15:26.54,126.95702097273166,177,19,20,382,282,22
2019/11/08 19:15:26.54,134.99874310539593,192,19,20,354,245,23
2019/11/08 19:15:26.61,144.65109986432213,211,20,20,314,168,23
2019/11/08 19:15:26.61,156.53688065157064,263,20,20,260,51,23
2019/11/08 19:15:26.74,163.70654521600756,394,21,21,139,29,23
2019/11/08 19:15:26.79,163.49035561218705,465,23,21,27,26,22
2019/11/08 19:15:26.80,161.98419684037034,488,27,21,22,25,21
2019/11/08 19:15:26.87,159.89387631725705,493,30,20,21,24,21
2019/11/08 19:15:26.94,159.57746780190809,491,32,20,20,24,21
2019/11/08 19:15:27.00,160.3655433283636,488,32,20,20,24,21
2019/11/08 19:15:27.00,160.98378817038665,487,32,20,20,24,20
2019/11/08 19:15:27.00,161.243584354671,485,31,20,20,24,20
2019/11/08 19:15:27.19,161.46966773961714,485,31,20,20,24,20
2019/11/08 19:15:27.19,161.109237729199,483,30,20,20,23,20
2019/11/08 19:15:27.25,161.62374649342826,481,30,20,20,23,20
2019/11/08 19:15:27.25,161.7287821649434,481,30,20,20,23,20
2019/11/08 19:15:27.32,161.65651534578714,480,30,20,20,23,20
2019/11/08 19:15:27.48,161.76621709824337,479,30,20,20,23,20
2019/11/08 19:15:27.48,161.88879379190556,478,30,20,20,23,20
2019/11/08 19:15:27.48,161.83308910946064,477,30,20,20,23,20
2019/11/08 19:15:27.54,161.92737133999685,477,30,20,20,23,20
2019/11/08 19:15:27.54,162.25309254502298,476,30,20,20,23,20
2019/11/08 19:15:27.59,162.99487077515616,476,29,20,20,23,21
2019/11/08 19:15:27.66,163.6361446673633,474,28,20,20,23,21
2019/11/08 19:15:27.71,164.18622511659444,472,26,20,21,24,21
2019/11/08 19:15:27.80,164.63282983934417,466,24,20,23,24,22
2019/11/08 19:15:27.80,164.73276302423676,457,22,20,26,25,22
2019/11/08 19:15:27.86,163.79940428054323,445,21,20,33,25,22
2019/11/08 19:15:27.92,163.38093496610327,433,20,20,56,25,23
2019/11/08 19:15:27.92,161.97603415227485,416,20,20,99,26,23
2019/11/08 19:15:27.97,161.82091923492698,402,20,20,130,26,24
2019/11/08 19:15:28.06,160.76220511454264,391,20,20,158,26,24
2019/11/08 19:15:28.11,159.82019718312154,380,20,19,174,26,24
2019/11/08 19:15:28.16,159.5518191592922,370,20,19,189,27,24
2019/11/08 19:15:28.17,157.65146510043326,358,19,19,215,27,24
2019/11/08 19:15:28.22,156.1062662046644,339,19,19,247,28,25
2019/11/08 19:15:28.30,153.8367191783174,320,19,19,276,30,25
2019/11/08 19:15:28.38,151.85251074786717,290,19,19,306,34,25
2019/11/08 19:15:28.38,149.21746880722674,258,19,19,333,42,25
2019/11/08 19:15:28.42,146.5797804653826,232,19,19,355,65,25
2019/11/08 19:15:28.64,143.91884189437724,215,19,19,373,105,24
2019/11/08 19:15:28.64,141.72437689059353,204,19,19,388,146,24
2019/11/08 19:15:28.64,139.05432048503783,192,19,19,401,185,24
2019/11/08 19:15:28.64,136.18827326242138,181,19,19,416,221,23
2019/11/08 19:15:28.70,132.4865106568848,173,19,19,429,249,23
2019/11/08 19:15:28.85,129.45460362751575,165,19,19,440,272,23
2019/11/08 19:15:28.85,126.62658176849376,157,19,19,447,291,22
2019/11/08 19:15:28.85,124.1844347235788,150,19,19,454,302,22
2019/11/08 19:15:28.90,121.84998677302399,146,19,19,460,312,22
2019/11/08 19:15:28.94,119.76547782032463,141,19,19,463,321,21
2019/11/08 19:15:29.00,117.33992765906677,137,19,19,467,329,21
2019/11/08 19:15:29.00,114.75368608383148,136,19,19,472,336,21
2019/11/08 19:15:29.12,112.06891027076516,133,19,19,478,344,21
2019/11/08 19:15:29.13,109.07398487348146,130,19,19,482,352,21
2019/11/08 19:15:29.29,105.61214533402776,128,19,19,487,359,21
2019/11/08 19:15:29.29,101.87015469015023,128,19,19,493,368,21
2019/11/08 19:15:29.34,97.6090199135756,129,19,19,499,375,21
2019/11/08 19:15:29.34,93.41797346943866,124,18,18,502,381,21
2019/11/08 19:15:29.40,89.17906240616601,119,18,18,507,384,21
2019/11/08 19:15:29.40,85.13541717613714,114,18,18,509,388,21
2019/11/08 19:15:29.52,81.0067727884895,113,18,18,515,391,21
2019/11/08 19:15:29.52,76.84593257651117,110,18,18,517,394,21
2019/11/08 19:15:29.58,72.51266671916608,108,18,18,522,399,21
2019/11/08 19:15:29.62,68.40076488593229,106,18,18,525,402,22
2019/11/08 19:15:29.72,64.6976460590232,107,18,18,529,406,22
2019/11/08 19:15:29.73,61.1451249277019,104,18,18,531,407,22
2019/11/08 19:15:29.80,57.9434785186291,101,18,18,533,408,22
2019/11/08 19:15:29.85,54.37284507413459,99,18,18,536,411,23
2019/11/08 19:15:29.93,49.62266691330378,96,18,18,541,414,23
2019/11/08 19:15:29.98,44.572214169877306,92,18,18,544,418,24
2019/11/08 19:15:29.98,40.94573162043071,89,18,18,546,422,25
2019/11/08 19:15:30.11,38.95931302854878,87,18,18,549,427,26
2019/11/08 19:15:30.11,38.28908678411761,83,18,18,549,428,26
2019/11/08 19:15:30.16,38.29544472215667,77,18,18,546,427,26
2019/11/08 19:15:30.16,38.447899116089175,73,18,18,545,426,26
2019/11/08 19:15:30.22,38.57858041654376,71,18,18,544,425,26
2019/11/08 19:15:30.33,38.55308750601599,69,18,18,545,425,26
2019/11/08 19:15:30.33,38.49106040497034,68,18,18,543,424,25
2019/11/08 19:15:30.45,38.410595385921404,66,18,18,543,424,25
2019/11/08 19:15:30.45,38.52423709114542,66,18,18,542,424,25
2019/11/08 19:15:30.51,38.996091071226815,67,18,18,544,424,25
2019/11/08 19:15:30.56,41.161333965820845,69,18,18,542,422,25
2019/11/08 19:15:30.57,43.99919995316118,74,18,18,542,418,25
2019/11/08 19:15:30.70,48.53532743711838,76,18,18,540,414,24
2019/11/08 19:15:30.70,52.05660327255388,80,18,18,538,412,23
2019/11/08 19:15:30.75,54.638599175882845,86,18,18,530,407,23
2019/11/08 19:15:30.80,57.57224512357554,89,18,18,524,403,22
2019/11/08 19:15:30.80,60.5304724639326,92,18,18,519,399,22
2019/11/08 19:15:30.93,63.66072836477741,95,18,18,517,397,22
2019/11/08 19:15:30.93,66.55058252007858,99,18,18,510,392,22
2019/11/08 19:15:30.97,69.53523725495253,102,18,18,504,390,21
2019/11/08 19:15:31.02,72.46219041947771,107,18,18,498,386,21
2019/11/08 19:15:31.12,75.92657591915095,113,19,18,495,383,21
2019/11/08 19:15:31.13,79.62446862972641,117,18,18,487,378,21
2019/11/08 19:15:31.18,83.69799282472393,122,19,18,479,372,21
2019/11/08 19:15:31.23,88.28774038509222,130,19,18,471,367,21
2019/11/08 19:15:31.28,92.99516822412737,134,19,18,462,358,21
2019/11/08 19:15:31.33,97.95659251686281,137,19,19,447,348,21
2019/11/08 19:15:31.38,102.82319518660567,143,19,19,433,337,21
2019/11/08 19:15:31.44,107.77305316677361,149,19,19,420,325,22
2019/11/08 19:15:31.48,112.2388979103565,159,19,20,407,313,22
2019/11/08 19:15:31.54,116.65543372364216,160,19,20,393,297,22
2019/11/08 19:15:31.59,120.67610651581087,163,19,20,378,279,22
2019/11/08 19:15:31.64,124.06420384754267,168,19,20,362,258,22
2019/11/08 19:15:31.70,127.41762597155352,176,19,20,347,238,23
2019/11/08 19:15:31.76,130.95751013572175,179,19,20,330,212,22
2019/11/08 19:15:31.76,134.74657822962217,187,19,20,313,180,23
2019/11/08 19:15:31.80,138.96037446557733,193,19,20,293,137,23
2019/11/08 19:15:31.92,141.74971612334383,206,20,20,275,94,23
2019/11/08 19:15:31.92,143.56705398405697,209,20,20,254,61,23
2019/11/08 19:15:31.98,145.67617103334248,214,20,20,234,44,23
2019/11/08 19:15:32.03,148.25704524871938,223,20,20,214,35,23
2019/11/08 19:15:32.08,151.32549431835756,242,20,20,189,31,23
2019/11/08 19:15:32.13,154.46871981590579,264,20,20,152,28,22
2019/11/08 19:15:32.18,156.91844547181077,297,20,20,104,27,22
2019/11/08 19:15:32.22,160.4010438156312,334,20,20,52,26,22
2019/11/08 19:15:32.28,162.6422397447481,386,21,20,28,25,22
2019/11/08 19:15:32.33,164.2142388932651,422,22,20,22,25,21
2019/11/08 19:15:32.39,162.35035693153404,447,24,20,21,25,21
2019/11/08 19:15:32.44,161.57515608038509,455,26,20,21,24,21
2019/11/08 19:15:32.49,160.93751801745842,464,27,20,20,24,20
2019/11/08 19:15:32.55,160.9384983615224,455,28,20,20,24,20
2019/11/08 19:15:32.61,159.95595928983144,454,28,20,20,24,20
2019/11/08 19:15:32.61,160.85494463433122,453,28,20,20,24,20
2019/11/08 19:15:32.72,161.04116027485637,459,28,20,20,24,20
2019/11/08 19:15:32.72,161.2410457382733,451,27,20,20,23,20
2019/11/08 19:15:32.77,161.15087699675564,450,27,20,20,23,20
2019/11/08 19:15:32.82,161.05293150981015,450,27,20,20,23,20
2019/11/08 19:15:32.92,160.76044563780795,456,27,20,20,23,20
2019/11/08 19:15:32.97,160.32497683839435,449,28,20,20,23,20
2019/11/08 19:15:32.98,159.91940082127707,449,28,20,20,23,20
2019/11/08 19:15:33.03,159.86053152910102,448,28,20,20,23,20
2019/11/08 19:15:33.09,160.65262691069395,455,28,20,20,23,20
2019/11/08 19:15:33.14,160.78294377949715,448,27,20,20,23,20
2019/11/08 19:15:33.25,162.54603359328712,448,27,20,20,24,20
2019/11/08 19:15:33.25,164.23578402195685,448,25,20,20,24,20
2019/11/08 19:15:33.30,164.051137938774,449,23,20,21,24,21
2019/11/08 19:15:33.35,163.88682185935897,435,21,20,23,25,21
2019/11/08 19:15:33.40,163.1367855944371,424,20,20,26,25,22
2019/11/08 19:15:33.41,160.85971101572824,406,20,20,39,26,22
2019/11/08 19:15:33.53,158.44606237591313,383,20,20,111,27,23
2019/11/08 19:15:33.53,155.7707339315826,345,20,20,191,28,23
2019/11/08 19:15:33.58,152.55888852103527,301,19,20,261,30,23
2019/11/08 19:15:33.63,148.5337910484261,258,19,20,308,33,23
2019/11/08 19:15:33.68,144.25573823461346,231,19,20,348,47,23
2019/11/08 19:15:33.73,139.483642862752,208,19,19,380,95,23
2019/11/08 19:15:33.79,134.25025695190314,189,19,19,411,166,23
2019/11/08 19:15:33.84,128.31411037959927,174,19,19,434,232,23
2019/11/08 19:15:33.89,122.66784026214809,165,19,19,454,271,22
2019/11/08 19:15:33.94,117.44355817096063,154,19,19,465,304,22
2019/11/08 19:15:34.01,112.33217561997976,145,19,19,476,326,22
2019/11/08 19:15:34.01,108.30470256236431,137,19,19,482,342,21
2019/11/08 19:15:34.12,103.73220771073683,134,19,19,494,356,21
2019/11/08 19:15:34.13,99.74870377885703,131,19,19,497,367,21
2019/11/08 19:15:34.17,96.2183393239937,127,19,18,501,374,21
2019/11/08 19:15:34.24,93.05205882306548,123,18,18,504,379,21
2019/11/08 19:15:34.30,89.6221279738056,121,19,18,508,383,21
2019/11/08 19:15:34.34,86.94157782871886,116,18,18,509,385,21
2019/11/08 19:15:34.41,84.31897025450583,112,18,18,511,387,21
2019/11/08 19:15:34.41,81.74574654612763,113,18,18,514,389,21
2019/11/08 19:15:34.50,79.3855178549572,112,19,18,519,394,21
2019/11/08 19:15:34.54,77.11122566245723,106,18,18,519,395,21
2019/11/08 19:15:34.60,75.01099494411348,104,18,18,519,395,21
2019/11/08 19:15:34.65,73.0332361537012,103,18,18,519,396,21
2019/11/08 19:15:34.70,70.80605267257455,103,18,18,523,399,21
2019/11/08 19:15:34.76,68.29245271757942,101,18,18,524,400,21
2019/11/08 19:15:34.88,65.43756584016333,100,18,18,526,402,21
2019/11/08 19:15:34.89,62.703374234741226,97,18,18,528,403,22
2019/11/08 19:15:34.89,60.081366354164146,97,18,18,532,408,22
2019/11/08 19:15:34.94,57.55918306356438,96,18,18,532,410,22
2019/11/08 19:15:34.99,53.73272795857795,95,18,18,534,411,22
2019/11/08 19:15:35.04,49.01353280967739,93,18,18,537,415,23
2019/11/08 19:15:35.10,43.459145748682,93,18,18,543,421,24
2019/11/08 19:15:35.14,39.454799812575054,88,18,18,544,424,24
2019/11/08 19:15:35.19,37.45591772503831,87,18,18,546,427,25
2019/11/08 19:15:35.24,36.706048932401984,80,18,18,547,428,24
2019/11/08 19:15:35.29,37.09205701911397,75,18,18,547,428,24
2019/11/08 19:15:35.34,37.24417974234722,70,18,18,544,426,24
2019/11/08 19:15:35.39,37.3893285633929,68,18,18,543,425,24
2019/11/08 19:15:35.45,37.3478085682708,66,18,18,542,424,24
2019/11/08 19:15:35.50,37.32161782178135,66,18,18,543,425,24
2019/11/08 19:15:35.55,37.15073277542147,64,18,18,541,423,24
2019/11/08 19:15:35.60,37.22902722374459,63,18,18,540,423,24
2019/11/08 19:15:35.60,37.25371977611757,63,18,18,540,422,24
2019/11/08 19:15:35.77,38.06941388944198,66,18,18,543,423,24
2019/11/08 19:15:35.77,39.56181508290092,69,18,18,540,420,24
2019/11/08 19:15:35.77,42.49361418394959,74,18,18,540,416,24
2019/11/08 19:15:35.81,45.65265152312944,77,18,18,537,413,23
2019/11/08 19:15:35.92,49.105602283207595,82,18,18,536,410,23
2019/11/08 19:15:35.97,53.017102571211204,85,18,18,529,404,22
2019/11/08 19:15:35.97,57.74441947687806,93,18,18,522,400,22
2019/11/08 19:15:36.02,62.171997929115655,97,18,18,514,395,22
2019/11/08 19:15:36.08,66.94809219312599,104,18,18,507,392,21
2019/11/08 19:15:36.12,71.37787786363053,108,18,18,495,385,21
2019/11/08 19:15:36.17,75.72223178252828,112,18,18,486,378,21
2019/11/08 19:15:36.22,80.06057915375987,118,18,18,476,373,21
2019/11/08 19:15:36.28,84.43475830726769,123,19,18,469,368,21
2019/11/08 19:15:36.34,88.98536869138337,126,19,18,456,361,21
2019/11/08 19:15:36.39,93.72576338993827,131,19,19,443,352,21
2019/11/08 19:15:36.45,98.43893074805024,135,19,19,429,341,21
2019/11/08 19:15:36.51,103.58657240227771,147,19,20,418,331,21
2019/11/08 19:15:36.57,108.27178681864316,147,19,20,400,316,21
2019/11/08 19:15:36.57,112.70166310858298,153,19,20,385,302,22
2019/11/08 19:15:36.63,117.44704815232882,159,19,20,371,280,22
2019/11/08 19:15:36.68,122.57522576006467,172,19,20,354,255,22
2019/11/08 19:15:36.73,127.66609965520286,171,19,20,331,226,22
2019/11/08 19:15:36.79,131.9580223843978,175,19,20,309,194,22
2019/11/08 19:15:36.83,136.21385469100412,184,19,20,289,152,22
2019/11/08 19:15:36.88,139.72557740718833,201,20,20,268,106,22
2019/11/08 19:15:36.93,143.23197213391563,198,20,20,242,62,22
2019/11/08 19:15:37.00,146.5421727771082,211,20,20,217,38,22
2019/11/08 19:15:37.00,149.9602387636209,224,20,20,184,31,22
2019/11/08 19:15:37.13,153.61691244360637,252,20,20,138,29,22
2019/11/08 19:15:37.13,157.19663565841327,281,20,20,78,27,22
2019/11/08 19:15:37.17,161.16957468655414,326,20,20,33,26,22
2019/11/08 19:15:37.22,163.67357069784128,380,21,20,23,25,21
2019/11/08 19:15:37.33,160.46105307641844,440,22,20,21,25,21
2019/11/08 19:15:37.33,156.79034676744462,428,25,20,21,25,20
2019/11/08 19:15:37.38,156.65002599697436,434,27,20,20,24,20
2019/11/08 19:15:37.49,156.60573194724995,432,27,20,20,24,20
2019/11/08 19:15:37.49,156.37319386818263,450,27,20,20,24,20
2019/11/08 19:15:37.54,156.2832408181549,429,26,20,20,24,20
2019/11/08 19:15:37.59,156.3103253920025,428,26,20,20,24,20
2019/11/08 19:15:37.64,156.53193958614705,427,26,20,20,23,20
2019/11/08 19:15:37.70,156.87557521257352,445,26,20,20,24,20
2019/11/08 19:15:37.75,157.0580836335894,425,26,20,20,23,20
2019/11/08 19:15:37.83,157.15095286988034,425,26,20,20,23,20
2019/11/08 19:15:37.83,157.3553296151773,424,26,20,20,23,20
2019/11/08 19:15:37.88,158.28444697679913,440,27,20,20,23,20
2019/11/08 19:15:37.94,158.41476693021443,423,26,20,20,23,20
2019/11/08 19:15:37.99,158.3932383792518,423,26,20,20,23,20
2019/11/08 19:15:38.05,158.77428239610515,422,26,20,20,23,20
2019/11/08 19:15:38.11,159.95445609222855,440,26,20,20,24,20
2019/11/08 19:15:38.16,161.61623626709792,423,24,20,20,24,20
2019/11/08 19:15:38.16,163.97974036058815,421,23,20,21,24,21
2019/11/08 19:15:38.22,164.90331126426383,416,21,20,21,25,21
2019/11/08 19:15:38.32,164.17649201907312,418,21,20,23,26,22
2019/11/08 19:15:38.33,161.58055003046167,378,20,20,29,26,22
2019/11/08 19:15:38.39,157.378662827655,341,20,20,81,28,23
2019/11/08 19:15:38.44,153.14750827012833,297,19,20,185,29,23
2019/11/08 19:15:38.50,148.8184374843755,258,20,20,269,31,23
2019/11/08 19:15:38.55,144.4305520203531,222,19,19,321,36,23
2019/11/08 19:15:38.60,139.77255478085132,203,19,19,360,59,23
2019/11/08 19:15:38.60,135.21287242482938,189,19,19,395,120,23
2019/11/08 19:15:38.74,130.56886855306882,177,19,19,420,196,23
2019/11/08 19:15:38.74,124.80635814682623,161,19,19,438,240,22
2019/11/08 19:15:38.79,119.36621572300521,152,19,19,454,275,22
2019/11/08 19:15:38.85,113.8749598462067,147,19,19,466,307,22
2019/11/08 19:15:38.91,108.83799932176022,141,19,19,480,326,22
2019/11/08 19:15:38.96,104.28145023552007,134,19,19,483,341,21
2019/11/08 19:15:38.96,100.0440812610278,131,19,19,492,355,21
2019/11/08 19:15:39.08,96.10298875025755,128,19,18,499,365,21
2019/11/08 19:15:39.08,92.36640077125736,125,19,18,511,372,21
2019/11/08 19:15:39.14,88.60828027490012,118,18,18,508,376,21
2019/11/08 19:15:39.24,85.2384763723043,113,18,18,510,380,21
2019/11/08 19:15:39.24,81.93352895965997,110,18,18,512,385,21
2019/11/08 19:15:39.30,78.76019346828267,108,19,18,522,393,21
2019/11/08 19:15:39.34,75.52853234702418,106,18,18,518,395,21
2019/11/08 19:15:39.39,72.3901227074008,103,18,18,521,397,21
2019/11/08 19:15:39.44,69.52382115572456,104,18,18,524,400,21
2019/11/08 19:15:39.52,66.42686991417537,102,18,18,533,404,21
2019/11/08 19:15:39.52,63.21850672181685,101,18,18,528,404,21
2019/11/08 19:15:39.57,60.529009119431336,99,18,18,531,406,21
2019/11/08 19:15:39.63,56.86756204011846,95,18,18,533,409,22
2019/11/08 19:15:39.68,52.977708591759665,93,18,18,541,416,22
2019/11/08 19:15:39.74,49.504134234827724,92,18,18,536,416,22
2019/11/08 19:15:39.79,45.98752773480164,88,18,18,539,420,23
2019/11/08 19:15:39.84,41.1282439030477,87,18,18,541,422,23
2019/11/08 19:15:39.89,38.532781250151764,84,18,18,550,427,24
2019/11/08 19:15:39.94,38.038507808245974,81,18,18,544,426,24
2019/11/08 19:15:40.00,38.25881911126675,77,18,18,541,425,24
2019/11/08 19:15:40.00,38.817942914151324,74,18,18,540,423,24
2019/11/08 19:15:40.12,38.58018892387219,71,17,18,546,426,24
2019/11/08 19:15:40.13,38.53558391684838,70,18,18,538,422,24
2019/11/08 19:15:40.17,38.89501733342616,69,18,18,538,421,24
2019/11/08 19:15:40.22,39.85633689069472,69,18,18,538,419,24
2019/11/08 19:15:40.33,40.88542020129864,70,17,18,561,423,24
2019/11/08 19:15:40.33,40.67922451669559,70,18,18,537,417,23
2019/11/08 19:15:40.39,43.14704937451082,71,18,18,536,414,23
2019/11/08 19:15:40.44,45.63432437059198,74,18,18,535,412,23
2019/11/08 19:15:40.50,48.47777412131799,75,18,18,555,413,23
2019/11/08 19:15:40.55,51.93691355160484,77,18,18,528,404,22
2019/11/08 19:15:40.60,55.087127362424674,81,18,18,522,400,22
2019/11/08 19:15:40.60,59.009858363519434,87,18,18,517,396,22
2019/11/08 19:15:40.77,62.49503346427308,93,18,18,531,396,22
2019/11/08 19:15:40.77,66.42638836607593,97,18,18,501,387,21
2019/11/08 19:15:40.77,69.3356228805754,98,18,18,494,382,21
2019/11/08 19:15:40.91,72.16074229129131,103,18,18,487,376,21
2019/11/08 19:15:40.91,75.13204589122329,108,18,18,500,388,21
2019/11/08 19:15:40.96,77.6429365792393,108,18,18,474,368,21
2019/11/08 19:15:40.96,80.1255684575196,112,19,18,467,362,21
2019/11/08 19:15:41.00,82.9220571842069,116,19,18,461,360,21
2019/11/08 19:15:41.14,85.14206399880896,117,19,18,473,359,21
2019/11/08 19:15:41.14,88.01881643781327,118,19,18,448,350,21
2019/11/08 19:15:41.19,90.61525822346232,120,19,18,439,345,21
2019/11/08 19:15:41.24,93.49912703831492,120,19,19,429,341,21
2019/11/08 19:15:41.30,95.97920390211185,123,19,19,438,351,21
2019/11/08 19:15:41.38,98.02968638113009,125,19,19,414,330,21
2019/11/08 19:15:41.38,99.67077292405334,125,19,19,407,324,21
2019/11/08 19:15:41.43,101.12308358908525,126,19,19,400,319,21
2019/11/08 19:15:41.48,102.52424319091752,128,19,19,410,328,21
2019/11/08 19:15:41.53,104.1783168341156,130,19,19,390,310,21
2019/11/08 19:15:41.58,106.0680158414433,132,19,19,385,306,21
2019/11/08 19:15:41.62,108.02089890821718,136,19,19,379,300,21
2019/11/08 19:15:41.73,110.05961095332805,137,19,19,385,306,21
2019/11/08 19:15:41.73,111.94053343155652,141,19,20,365,285,21
2019/11/08 19:15:41.78,113.80877966212337,142,19,20,358,274,21
2019/11/08 19:15:41.84,115.7973765694882,145,19,20,349,265,22
2019/11/08 19:15:41.98,117.81293053266606,145,19,20,352,266,22
2019/11/08 19:15:41.98,119.93159041758251,148,19,20,334,242,22
2019/11/08 19:15:41.98,122.27720319030463,151,19,20,324,230,22
2019/11/08 19:15:42.03,125.43518152100314,156,19,20,315,215,22
2019/11/08 19:15:42.08,128.707077654207,161,19,20,307,203,22
2019/11/08 19:15:42.13,131.69252047881866,166,19,20,284,171,22
2019/11/08 19:15:42.20,134.36068939703745,170,19,20,268,142,22
2019/11/08 19:15:42.28,136.60490198291902,179,19,20,251,113,22
2019/11/08 19:15:42.32,139.56196666952252,185,20,20,238,83,22
2019/11/08 19:15:42.32,142.54745209788834,190,20,20,214,51,22
2019/11/08 19:15:42.45,144.83781807778348,196,20,20,193,37,22
2019/11/08 19:15:42.45,146.72953482465547,204,20,20,170,32,22
2019/11/08 19:15:42.50,149.1447045893528,207,20,20,146,30,22
2019/11/08 19:15:42.56,151.57992685931225,215,20,20,114,28,22
2019/11/08 19:15:42.62,154.59447041658947,227,20,20,73,27,22
2019/11/08 19:15:42.62,157.89301857361303,257,20,20,36,26,22
2019/11/08 19:15:42.73,161.33442762152956,295,20,20,27,26,22
2019/11/08 19:15:42.73,163.21068005850506,323,20,20,24,25,21
2019/11/08 19:15:42.79,164.3549334935644,346,20,20,22,25,21
2019/11/08 19:15:42.84,164.27592324648586,368,21,20,22,24,21
2019/11/08 19:15:42.89,164.64574923899687,374,21,20,21,24,21
2019/11/08 19:15:42.94,164.7077375883325,382,21,20,21,24,21
2019/11/08 19:15:43.00,164.2559813071399,391,22,20,21,24,20
2019/11/08 19:15:43.01,163.1625376060878,396,22,20,20,24,20
2019/11/08 19:15:43.14,161.84573864270226,401,23,20,20,24,20
2019/11/08 19:15:43.14,161.21718771079514,402,23,20,20,24,20
2019/11/08 19:15:43.20,160.5273123871436,403,23,20,20,24,20
2019/11/08 19:15:43.20,158.38722597805614,408,24,20,20,23,20
2019/11/08 19:15:43.33,158.08763598050703,409,24,20,20,23,20
2019/11/08 19:15:43.33,157.87627787603557,409,25,20,20,23,20
2019/11/08 19:15:43.38,157.98980753723802,408,25,20,20,23,20
2019/11/08 19:15:43.43,157.69639095981995,408,25,20,20,23,20
2019/11/08 19:15:43.48,157.24636390459318,408,24,20,20,22,20
2019/11/08 19:15:43.53,157.15901295382244,407,25,20,20,23,20
2019/11/08 19:15:43.58,157.35323011682115,406,25,20,20,23,20
2019/11/08 19:15:43.63,158.09310379904687,405,25,20,20,23,20
2019/11/08 19:15:43.68,158.4484851841631,405,24,20,20,22,20
2019/11/08 19:15:43.75,158.53157494647135,404,24,20,20,23,20
2019/11/08 19:15:43.82,158.64318031481358,403,24,20,20,23,20
2019/11/08 19:15:43.82,159.4926343372616,403,24,20,20,23,20
2019/11/08 19:15:43.94,160.9675937238891,402,23,20,20,23,20
2019/11/08 19:15:43.94,161.85424802042118,399,23,20,20,23,20
2019/11/08 19:15:43.99,162.75777134993703,396,22,20,20,24,20
2019/11/08 19:15:44.05,163.72854013795447,393,21,20,21,24,20
2019/11/08 19:15:44.09,164.31028330384635,388,21,20,22,24,20
2019/11/08 19:15:44.14,163.7930956084351,379,20,20,23,25,21
2019/11/08 19:15:44.19,160.67965552978615,343,20,20,31,26,22
2019/11/08 19:15:44.25,154.24852202241667,278,19,20,132,27,23
2019/11/08 19:15:44.31,145.25441167530383,222,19,20,281,32,23
2019/11/08 19:15:44.36,133.2931690808777,190,19,20,383,128,23
2019/11/08 19:15:44.36,120.17894677176874,163,19,19,441,264,22
2019/11/08 19:15:44.41,107.48102553988736,152,19,19,478,326,22
2019/11/08 19:15:44.53,96.7943461276268,141,19,19,500,361,21
2019/11/08 19:15:44.53,87.47503985707576,135,19,18,511,380,21
2019/11/08 19:15:44.58,78.76726421144129,125,19,18,521,391,21
2019/11/08 19:15:44.66,71.2951664911703,119,18,18,529,400,21
2019/11/08 19:15:44.71,65.21976201245091,113,18,18,533,403,21
2019/11/08 19:15:44.76,61.37772209880298,106,18,18,535,406,22
2019/11/08 19:15:44.76,57.98755444149656,102,18,18,536,408,22
2019/11/08 19:15:44.81,55.19489680217909,95,18,18,536,409,22
2019/11/08 19:15:44.93,52.39298515142652,93,18,18,538,411,22
2019/11/08 19:15:44.93,50.005559715387285,89,18,18,539,413,22
2019/11/08 19:15:44.98,47.08368391265941,86,18,18,539,415,23
2019/11/08 19:15:45.04,44.62203796229361,83,18,18,541,417,23
2019/11/08 19:15:45.09,41.82467153622259,79,18,18,541,420,23
2019/11/08 19:15:45.14,37.935840775434954,77,18,18,543,422,24
2019/11/08 19:15:45.25,34.70703404830062,77,18,18,543,427,23
2019/11/08 19:15:45.25,32.06241087678584,73,18,18,545,431,23
2019/11/08 19:15:45.25,31.35583535063707,68,18,18,544,432,23
2019/11/08 19:15:45.37,32.05007142117889,63,18,18,542,431,23
2019/11/08 19:15:45.37,32.46959997220977,61,18,18,541,429,22
2019/11/08 19:15:45.42,32.40793854318114,60,18,18,540,429,22
2019/11/08 19:15:45.48,32.92493388653791,60,18,18,540,428,22
2019/11/08 19:15:45.54,34.51355678713798,63,18,18,539,425,23
2019/11/08 19:15:45.59,35.48826368809274,63,18,18,538,422,23
2019/11/08 19:15:45.66,37.277501985921525,64,18,18,536,419,23
2019/11/08 19:15:45.66,37.81146512983311,65,18,18,535,417,22
2019/11/08 19:15:45.77,38.38053544776964,63,18,18,534,417,22
2019/11/08 19:15:45.77,39.34320701654029,64,18,18,534,416,22
2019/11/08 19:15:45.82,40.89695958103253,65,18,18,534,414,22
2019/11/08 19:15:45.88,42.71249145726171,65,18,18,532,411,22
2019/11/08 19:15:45.94,44.094973464829856,66,18,18,528,408,22
2019/11/08 19:15:45.99,45.48474870480958,67,18,18,526,406,22
2019/11/08 19:15:46.04,47.33947861875695,69,18,18,525,403,22
2019/11/08 19:15:46.04,48.93361198157649,69,18,18,523,401,22
2019/11/08 19:15:46.19,50.4590800805661,69,18,18,520,399,22
2019/11/08 19:15:46.19,52.19377675733466,71,18,18,516,397,21
2019/11/08 19:15:46.24,53.79674085220834,74,18,18,514,395,21
2019/11/08 19:15:46.24,55.698627677026515,76,18,18,512,393,21
2019/11/08 19:15:46.36,58.03339924371602,77,18,18,507,390,21
2019/11/08 19:15:46.41,60.55425258046152,80,18,18,502,386,21
2019/11/08 19:15:46.41,63.125656242716815,85,18,18,496,383,21
2019/11/08 19:15:46.46,66.12300914749085,93,19,18,490,377,21
2019/11/08 19:15:46.61,69.24490497021537,95,18,18,483,370,21
2019/11/08 19:15:46.61,72.65641596391275,103,19,18,477,366,21
2019/11/08 19:15:46.61,76.16752716179022,104,19,18,469,362,21
2019/11/08 19:15:46.66,79.65372642808832,114,19,18,461,357,21
2019/11/08 19:15:46.80,82.97459046260514,115,19,18,453,349,21
2019/11/08 19:15:46.80,85.52184526233233,119,19,18,445,344,21
2019/11/08 19:15:46.86,87.56901138215129,121,19,18,439,336,21
2019/11/08 19:15:46.86,90.09419321103246,121,19,18,431,332,21
2019/11/08 19:15:46.96,93.30695476039995,127,19,19,424,323,21
2019/11/08 19:15:46.97,97.32754806517957,133,19,19,412,312,21
2019/11/08 19:15:47.02,101.55662101378779,140,19,20,400,297,21
2019/11/08 19:15:47.06,105.9603968415265,148,19,20,386,280,21
2019/11/08 19:15:47.12,110.03527175877905,152,19,20,370,263,21
2019/11/08 19:15:47.16,113.91808764265728,155,19,20,357,241,21
2019/11/08 19:15:47.22,117.43632481980234,156,19,20,341,221,21
2019/11/08 19:15:47.27,121.20033608050575,163,19,20,325,197,22
2019/11/08 19:15:47.32,125.38334588515038,166,19,20,307,164,22
2019/11/08 19:15:47.37,129.4807039009017,170,19,20,285,129,22
2019/11/08 19:15:47.44,133.9673748196849,178,20,20,260,92,22
2019/11/08 19:15:47.44,138.98607566808457,188,20,20,229,48,22
2019/11/08 19:15:47.57,144.73099981520502,200,20,20,184,33,22
2019/11/08 19:15:47.57,150.5089212425993,216,20,20,120,29,22
2019/11/08 19:15:47.66,155.88073531693777,237,20,20,45,27,22
2019/11/08 19:15:47.71,159.93689881880016,272,20,20,27,26,22
2019/11/08 19:15:47.76,162.51824129772265,306,20,20,23,25,21
2019/11/08 19:15:47.76,163.8530841256649,335,21,20,21,24,21
2019/11/08 19:15:47.81,163.8118242659144,356,21,20,21,24,21
2019/11/08 19:15:47.87,163.08814738191887,369,21,20,21,24,21
2019/11/08 19:15:47.92,162.3440050625031,371,22,20,21,24,20
2019/11/08 19:15:48.06,162.2314828959798,372,22,20,20,24,20
2019/11/08 19:15:48.06,162.43737644126418,370,22,20,20,23,20
2019/11/08 19:15:48.06,162.71185619818266,371,22,20,20,23,20
2019/11/08 19:15:48.16,162.97091333324215,366,21,20,20,23,20
2019/11/08 19:15:48.17,163.28665138646852,364,21,20,20,23,20
2019/11/08 19:15:48.22,163.45887560019264,363,21,20,20,23,20
2019/11/08 19:15:48.26,163.60205510447167,365,21,20,21,23,20
2019/11/08 19:15:48.32,163.7992107709238,360,21,20,21,24,20
2019/11/08 19:15:48.38,163.8946926519773,357,21,20,21,24,21
2019/11/08 19:15:48.43,163.64562308242196,353,20,20,21,24,21
2019/11/08 19:15:48.48,162.98268576263413,346,20,20,23,25,21
2019/11/08 19:15:48.53,159.94877066436325,315,20,20,27,26,22
2019/11/08 19:15:48.58,153.40309485691245,253,19,20,88,27,23
2019/11/08 19:15:48.64,141.33676151988533,200,19,20,283,35,24
2019/11/08 19:15:48.64,125.30359652649885,169,19,20,402,204,24
2019/11/08 19:15:48.76,109.16636333558404,149,19,20,457,318,23
2019/11/08 19:15:48.76,95.00787116154955,133,19,19,486,368,22
2019/11/08 19:15:48.81,80.81825508769059,124,19,18,511,392,22
2019/11/08 19:15:48.86,66.16860225250127,110,19,18,527,408,22
2019/11/08 19:15:48.92,52.596245103193134,101,18,18,536,416,22
2019/11/08 19:15:48.98,40.76243873648725,88,18,18,542,425,23
2019/11/08 19:15:49.04,38.58702799433255,77,18,18,542,425,24
2019/11/08 19:15:49.05,45.46208171289129,80,18,18,540,422,23
2019/11/08 19:15:49.16,56.45426214700836,90,18,18,530,408,22
2019/11/08 19:15:49.17,70.09817687085516,113,18,18,511,390,21
2019/11/08 19:15:49.21,85.35549302467001,129,19,19,485,370,21
2019/11/08 19:15:49.27,101.58914195083484,139,19,20,441,345,22
2019/11/08 19:15:49.32,118.81504136561962,163,19,20,380,291,22
2019/11/08 19:15:49.37,136.26117192690018,190,20,20,309,178,22
2019/11/08 19:15:49.44,150.75355572661834,221,20,21,194,35,23
2019/11/08 19:15:49.49,159.3996288325229,261,20,20,47,28,22
2019/11/08 19:15:49.60,163.23799653952815,299,20,20,24,26,21
2019/11/08 19:15:49.60,164.3236315019219,339,21,20,22,25,21
2019/11/08 19:15:49.61,161.93289643736873,372,21,20,21,25,20
2019/11/08 19:15:49.65,157.11464922225218,381,23,20,21,25,20
2019/11/08 19:15:49.76,154.97157801743205,391,24,20,20,24,20
2019/11/08 19:15:49.77,155.35399208859695,390,24,20,20,24,20
2019/11/08 19:15:49.85,156.26041245643827,387,24,20,20,23,20
2019/11/08 19:15:49.85,156.72667785026638,384,23,20,20,23,20
2019/11/08 19:15:49.97,156.7139309744194,383,23,20,20,23,20
2019/11/08 19:15:49.97,156.61693519244838,382,23,20,20,23,20
2019/11/08 19:15:50.01,156.71848687780508,382,23,20,20,23,20
2019/11/08 19:15:50.06,157.0201914672248,381,23,20,20,23,20
2019/11/08 19:15:50.12,157.1123457815759,380,23,20,20,23,20
2019/11/08 19:15:50.19,156.83541315083124,382,23,20,20,23,20
2019/11/08 19:15:50.25,156.4955383590724,378,23,20,20,23,20
2019/11/08 19:15:50.25,156.55937725007857,378,23,20,20,23,20
2019/11/08 19:15:50.39,158.21976427278867,377,23,20,20,23,20
2019/11/08 19:15:50.45,159.51394766797233,377,22,20,20,23,20
2019/11/08 19:15:50.45,160.34973865023483,375,22,20,20,23,20
2019/11/08 19:15:50.45,161.65360811138916,372,21,20,21,24,20
2019/11/08 19:15:50.57,163.35324374099113,368,21,20,21,24,20
2019/11/08 19:15:50.57,163.6886407861436,362,21,20,21,24,21
2019/11/08 19:15:50.63,163.9205384772844,355,20,20,22,24,21
2019/11/08 19:15:50.69,163.8580900482607,348,20,20,22,25,21
2019/11/08 19:15:50.74,163.94907875795337,343,20,20,22,25,21
2019/11/08 19:15:50.79,163.75158817439046,336,20,20,23,25,21
2019/11/08 19:15:50.84,163.40654430162073,331,20,20,23,25,21
2019/11/08 19:15:50.84,163.0005219457021,326,20,20,24,25,21
2019/11/08 19:15:50.96,162.39297410046925,318,20,19,25,25,22
2019/11/08 19:15:50.97,161.42258694131493,304,20,20,27,25,22
2019/11/08 19:15:51.02,160.50077857008972,287,19,20,29,26,22
2019/11/08 19:15:51.08,159.3664278265889,273,19,19,34,26,22
2019/11/08 19:15:51.13,157.86251117550535,256,19,20,43,26,22
2019/11/08 19:15:51.19,155.91712360071287,236,19,19,72,27,22
2019/11/08 19:15:51.24,153.47224508362766,219,19,20,125,28,22
2019/11/08 19:15:51.24,149.3124409011779,204,19,19,203,29,22
2019/11/08 19:15:51.36,144.6017305438846,184,19,20,271,33,22
2019/11/08 19:15:51.37,139.68144944477373,171,19,20,323,46,22
2019/11/08 19:15:51.43,135.00005747210375,161,19,19,357,96,22
2019/11/08 19:15:51.48,130.56369082279943,153,19,19,383,159,22
2019/11/08 19:15:51.53,126.48639972126546,141,19,19,401,204,22
2019/11/08 19:15:51.59,122.31137436792947,138,19,19,417,240,22
2019/11/08 19:15:51.64,118.61035916169692,134,19,19,428,272,21
2019/11/08 19:15:51.64,114.15976094927035,129,19,19,442,298,21
2019/11/08 19:15:51.81,110.85559478100802,123,19,19,447,306,21
2019/11/08 19:15:51.81,107.81326433380099,119,19,19,454,314,21
2019/11/08 19:15:51.81,104.87934771011084,117,19,19,458,326,21
2019/11/08 19:15:51.87,101.46913083089434,116,19,19,472,343,21
2019/11/08 19:15:51.93,97.66941546971448,115,19,19,477,353,21
2019/11/08 19:15:51.98,93.53601251626118,115,19,19,484,360,21
2019/11/08 19:15:52.05,88.9113549804274,115,19,18,494,371,21
2019/11/08 19:15:52.14,84.35132853680136,110,18,18,501,381,21
2019/11/08 19:15:52.14,80.09027197219731,106,18,18,506,383,21
2019/11/08 19:15:52.19,76.53458426880907,99,18,18,509,386,21
2019/11/08 19:15:52.24,73.43837372327947,94,18,18,514,386,21
2019/11/08 19:15:52.24,70.96897046937416,93,18,18,516,390,21
2019/11/08 19:15:52.36,68.79917744818206,90,18,18,518,392,21
2019/11/08 19:15:52.36,66.7677620942372,89,18,18,520,394,21
2019/11/08 19:15:52.42,64.739864426845,86,18,18,522,396,21
2019/11/08 19:15:52.47,62.646897647693294,83,18,18,524,399,21
2019/11/08 19:15:52.52,60.31799012938857,82,18,18,527,398,21
2019/11/08 19:15:52.65,58.29630940105084,84,18,18,528,400,21
2019/11/08 19:15:52.65,56.304610560725436,83,18,18,528,403,21
2019/11/08 19:15:52.65,54.686853186727554,81,18,18,530,408,22
2019/11/08 19:15:52.84,51.62032080122322,79,18,18,532,410,22
2019/11/08 19:15:52.84,47.548291099666606,77,18,18,536,411,23
2019/11/08 19:15:52.85,43.089489669887385,75,18,18,539,415,23
2019/11/08 19:15:52.85,38.877475636607,74,18,18,542,421,24
2019/11/08 19:15:53.01,35.83398503328967,74,18,18,544,422,24
2019/11/08 19:15:53.01,33.15998252466664,74,18,18,544,423,25
2019/11/08 19:15:53.06,32.93649108705751,69,18,18,543,421,25
2019/11/08 19:15:53.06,33.208415278911616,65,18,18,541,421,24
2019/11/08 19:15:53.16,33.98513794321063,63,18,18,540,420,24
2019/11/08 19:15:53.16,33.81189817396376,61,18,18,539,418,24
2019/11/08 19:15:53.22,34.95472518909403,59,18,18,538,418,24
2019/11/08 19:15:53.27,35.047139078755855,58,18,18,538,418,24
2019/11/08 19:15:53.34,35.36066569817126,58,18,18,538,418,24
2019/11/08 19:15:53.39,35.841098292083416,59,18,18,538,417,24
2019/11/08 19:15:53.44,36.29948744697825,60,18,18,537,415,24
2019/11/08 19:15:53.44,38.15577987951063,62,18,18,536,412,24
2019/11/08 19:15:53.58,41.25724761701381,63,18,18,533,409,23
2019/11/08 19:15:53.58,44.116570960796274,63,18,18,531,405,23
2019/11/08 19:15:53.69,45.761260542351344,62,18,18,528,402,23
2019/11/08 19:15:53.69,46.55279662919485,63,18,18,526,401,22
2019/11/08 19:15:53.75,47.29274201576462,63,18,18,525,399,22
2019/11/08 19:15:53.80,48.59173095017704,64,18,18,522,395,22
2019/11/08 19:15:53.80,50.37768080042962,66,18,18,520,393,22
2019/11/08 19:15:53.88,52.56238132072928,69,18,18,516,391,22
2019/11/08 19:15:53.96,55.221135809107516,73,18,18,512,389,22
2019/11/08 19:15:53.96,58.34438076169927,78,18,18,506,386,21
2019/11/08 19:15:54.01,61.689338179268766,84,18,18,499,382,21
2019/11/08 19:15:54.08,65.13157269596947,91,18,18,494,377,21
2019/11/08 19:15:54.18,68.59587724475135,94,18,18,487,371,21
2019/11/08 19:15:54.18,72.37121604542654,102,18,18,479,367,21
2019/11/08 19:15:54.23,76.3922005494261,106,19,19,468,362,21
2019/11/08 19:15:54.29,80.66857360659152,109,19,19,455,353,21
2019/11/08 19:15:54.41,84.80557438991534,114,19,19,445,345,21
2019/11/08 19:15:54.41,88.04868783017209,117,19,19,435,338,21
2019/11/08 19:15:54.47,91.16997988173512,119,19,19,425,330,21
2019/11/08 19:15:54.47,94.58396112885785,125,19,19,414,320,21
2019/11/08 19:15:54.52,99.5024435615558,136,19,19,400,306,21
2019/11/08 19:15:54.57,105.24157348746948,143,19,20,383,282,21
2019/11/08 19:15:54.63,111.47866360187585,151,19,20,360,253,21
2019/11/08 19:15:54.68,117.05597465457127,158,19,20,336,216,21
2019/11/08 19:15:54.73,120.81648304404311,162,19,20,312,183,22
2019/11/08 19:15:54.82,124.77938151361435,165,19,20,289,150,22
2019/11/08 19:15:54.82,128.40943933220296,168,19,20,270,112,22
2019/11/08 19:15:54.92,131.41556715947453,169,19,20,250,78,22
2019/11/08 19:15:54.97,135.30468031743413,176,20,20,223,48,22
2019/11/08 19:15:54.97,139.53040315207423,184,20,20,191,35,22
2019/11/08 19:15:55.02,143.32673867281503,192,20,20,147,31,22
2019/11/08 19:15:55.08,146.00919391075487,196,20,20,111,29,22
2019/11/08 19:15:55.13,148.48996930658828,202,20,20,73,28,22
2019/11/08 19:15:55.19,150.6488488586826,205,20,20,47,27,22
2019/11/08 19:15:55.25,152.59881178167547,211,20,20,35,27,21
2019/11/08 19:15:55.25,154.34384111068564,217,20,20,30,26,21
2019/11/08 19:15:55.39,155.44806668599114,224,20,20,28,26,21
2019/11/08 19:15:55.39,156.44020689014232,231,20,20,26,25,21
2019/11/08 19:15:55.44,157.66212165250357,239,20,20,25,25,21
2019/11/08 19:15:55.44,159.31187841512514,252,20,20,24,25,21
2019/11/08 19:15:55.59,160.91641197141635,266,20,20,22,25,21
2019/11/08 19:15:55.59,162.00467484014592,277,20,20,22,24,21
2019/11/08 19:15:55.64,162.71091032814107,287,20,20,21,24,21
2019/11/08 19:15:55.64,163.52965047572104,296,20,20,21,24,21
2019/11/08 19:15:55.77,164.14407730957794,307,20,20,21,24,21
2019/11/08 19:15:55.77,164.49579091424425,314,21,20,21,24,21
2019/11/08 19:15:55.82,164.0123100908029,323,21,20,21,24,20
2019/11/08 19:15:55.87,163.8160799960812,327,21,20,20,24,20
2019/11/08 19:15:55.92,163.72856570440305,326,21,20,20,24,20
2019/11/08 19:15:55.97,163.87125320846096,325,21,20,20,23,20
2019/11/08 19:15:56.34,163.79924242980476,324,21,20,20,23,20
2019/11/08 19:15:56.34,163.94195443433998,322,21,20,20,23,20
2019/11/08 19:15:56.34,163.91450358341595,321,21,20,20,23,20
2019/11/08 19:15:56.34,164.06803464443433,321,21,20,20,23,20
2019/11/08 19:15:56.34,164.1290039259553,321,21,20,20,23,20
2019/11/08 19:15:56.34,163.91502243438916,322,21,20,20,23,20
2019/11/08 19:15:56.35,163.4653596768646,323,21,20,20,23,20
2019/11/08 19:15:56.41,163.25238346763476,324,21,20,20,23,20
2019/11/08 19:15:56.41,163.18006682425036,325,21,20,20,23,20
2019/11/08 19:15:56.46,163.16586740184079,324,21,20,20,23,20
2019/11/08 19:15:56.57,163.2207386756357,324,21,20,20,23,20
2019/11/08 19:15:56.57,163.359911338704,323,21,20,20,23,20
2019/11/08 19:15:56.62,163.58737573164075,322,21,20,20,23,20
2019/11/08 19:15:56.68,164.11358285702832,322,21,20,20,23,20
2019/11/08 19:15:56.73,164.3158880514553,320,21,20,20,23,20
2019/11/08 19:15:56.78,164.28779516907562,316,20,20,21,24,21
2019/11/08 19:15:56.83,163.5362089088461,309,20,20,22,24,21
2019/11/08 19:15:56.88,161.35479411520234,290,20,20,25,25,21
2019/11/08 19:15:56.93,158.22129829620496,262,20,20,32,26,22
2019/11/08 19:15:56.98,154.51522759247143,229,19,20,73,26,22
2019/11/08 19:15:57.03,150.79704586123196,205,19,20,151,27,22
2019/11/08 19:15:57.09,147.14370201516465,188,19,20,222,29,22
2019/11/08 19:15:57.14,143.51167486867092,173,19,19,272,32,22
2019/11/08 19:15:57.19,139.6472748714815,165,19,19,310,38,22
2019/11/08 19:15:57.25,135.78689313473186,156,19,19,336,57,22
2019/11/08 19:15:57.25,131.99574855075008,147,19,19,363,100,22
2019/11/08 19:15:57.40,128.52750089895963,140,19,19,379,149,22
2019/11/08 19:15:57.40,124.8673104957443,134,19,19,398,195,21
2019/11/08 19:15:57.40,121.31327306625897,132,19,19,410,229,21
2019/11/08 19:15:57.45,117.65540527868903,129,19,19,422,258,21
2019/11/08 19:15:57.57,114.30065630693126,122,19,19,431,278,21
2019/11/08 19:15:57.57,111.05511558851663,118,19,19,440,295,21
2019/11/08 19:15:57.63,107.82713146854532,116,19,19,445,309,21
2019/11/08 19:15:57.73,104.86279320779231,113,19,19,452,321,21
2019/11/08 19:15:57.73,101.91900412710078,110,19,19,460,334,21
2019/11/08 19:15:57.78,98.74464135311209,110,19,19,466,346,21
2019/11/08 19:15:57.84,95.60449397608724,111,19,19,473,353,21
2019/11/08 19:15:57.85,92.33185682445543,108,19,19,478,358,21
2019/11/08 19:15:57.98,88.9410403331103,106,19,19,484,367,21
2019/11/08 19:15:57.98,85.60276629153446,102,18,19,489,373,21
2019/11/08 19:15:58.05,82.42269379898134,96,18,19,495,378,21
2019/11/08 19:15:58.10,79.19007846630792,92,18,18,500,381,21
2019/11/08 19:15:58.16,76.6807675183275,90,18,18,504,384,21
2019/11/08 19:15:58.16,74.61750314535698,87,18,18,506,385,21
2019/11/08 19:15:58.21,72.3238435140078,87,18,18,508,389,21
2019/11/08 19:15:58.26,69.8516430959092,86,18,18,511,393,21
2019/11/08 19:15:58.37,67.16298447507381,83,18,18,515,397,21
2019/11/08 19:15:58.37,64.43544936263922,82,18,18,519,397,21
2019/11/08 19:15:58.42,62.02493686436665,79,18,18,521,401,21
2019/11/08 19:15:58.47,59.57828497434536,78,18,18,524,403,21
2019/11/08 19:15:58.52,57.02150172081331,76,18,18,525,406,21
2019/11/08 19:15:58.57,54.70968254308889,74,18,18,526,407,21
2019/11/08 19:15:58.62,53.10965514333733,72,18,18,528,410,22
2019/11/08 19:15:58.67,48.447824982180556,70,18,18,532,413,22
2019/11/08 19:15:58.76,43.33223189848952,68,18,18,537,417,23
2019/11/08 19:15:58.81,39.05168232325797,67,18,18,539,422,24
2019/11/08 19:15:58.81,35.324853665884916,62,18,18,540,425,24
2019/11/08 19:15:58.90,34.180881256945035,58,18,18,540,426,24
2019/11/08 19:15:58.97,34.047077652139514,53,18,18,539,425,24
2019/11/08 19:15:58.97,34.2047312028226,51,18,18,537,424,24
2019/11/08 19:15:59.02,34.35824806759649,49,18,18,537,423,24
2019/11/08 19:15:59.08,34.365437425129606,48,18,18,535,423,24
2019/11/08 19:15:59.13,34.47250060159074,48,18,18,535,422,24
2019/11/08 19:15:59.18,34.775991286165436,48,18,18,535,421,24
2019/11/08 19:15:59.24,35.88892623272496,50,18,18,534,419,23
2019/11/08 19:15:59.29,36.82545163708236,49,18,18,532,417,23
2019/11/08 19:15:59.34,37.126807395358654,49,18,18,530,416,23
2019/11/08 19:15:59.39,37.68777305426895,49,18,18,529,415,23
2019/11/08 19:15:59.46,38.28883051071508,51,18,18,529,414,23
2019/11/08 19:15:59.46,40.59248111010385,51,18,18,529,411,23
2019/11/08 19:15:59.57,42.952522595161085,53,18,18,526,408,23
2019/11/08 19:15:59.57,44.97658291099751,54,18,18,523,404,22
2019/11/08 19:15:59.62,46.78430305051651,55,18,18,519,401,22
2019/11/08 19:15:59.67,47.96414683152132,57,18,18,517,399,22
2019/11/08 19:15:59.72,48.96333738942634,57,18,18,515,398,22
2019/11/08 19:15:59.77,49.82811703170603,57,18,18,513,396,22
2019/11/08 19:15:59.82,50.7955745049371,58,18,18,512,395,22
2019/11/08 19:15:59.87,51.886490107388404,58,18,18,510,393,22
2019/11/08 19:15:59.92,52.99470526210461,60,18,18,507,391,21
2019/11/08 19:15:59.97,54.36569593576737,61,18,18,505,390,21
2019/11/08 19:16:00.02,55.954252818850065,64,18,18,503,387,21
2019/11/08 19:16:00.06,57.78193715892064,67,18,18,500,384,21
2019/11/08 19:16:00.12,59.469723852719156,70,18,18,496,381,21
2019/11/08 19:16:00.18,61.07422520755988,72,18,18,493,380,21
2019/11/08 19:16:00.24,62.81572205054942,75,18,18,489,376,21
2019/11/08 19:16:00.24,64.59867713531435,78,18,18,485,374,21
2019/11/08 19:16:00.36,66.41015341035609,80,18,18,481,371,21
2019/11/08 19:16:00.36,68.28408344027399,83,18,18,477,369,21
2019/11/08 19:16:00.41,70.3788826179167,86,18,18,472,366,21
2019/11/08 19:16:00.47,72.5354603933314,91,18,18,465,362,21
2019/11/08 19:16:00.52,74.59610885180525,91,18,18,458,358,21
2019/11/08 19:16:00.57,76.32818001160064,93,19,18,454,354,21
2019/11/08 19:16:00.64,77.83078105025216,93,19,19,450,352,21
2019/11/08 19:16:00.64,79.0099060854584,91,19,19,446,348,21
2019/11/08 19:16:00.76,80.09305382930442,90,19,18,443,347,21
2019/11/08 19:16:00.76,81.10825668935564,91,19,18,442,346,21
2019/11/08 19:16:00.81,82.79807547365955,92,19,19,437,344,21
2019/11/08 19:16:00.86,84.78973865976869,94,19,19,432,341,21
2019/11/08 19:16:00.96,86.7789733290095,97,19,19,425,338,21
2019/11/08 19:16:00.96,88.71044487056913,100,19,19,418,333,21
2019/11/08 19:16:01.01,90.45873186088,101,19,19,412,329,21
2019/11/08 19:16:01.09,92.12669900388619,104,19,19,407,324,21
2019/11/08 19:16:01.14,93.88127428379525,106,19,19,401,320,21
2019/11/08 19:16:01.18,95.86325909758197,108,19,19,395,313,21
2019/11/08 19:16:01.24,98.33249443196893,113,19,19,388,305,21
2019/11/08 19:16:01.24,101.23461250200992,117,19,19,379,298,21
2019/11/08 19:16:01.36,104.49203131261062,124,19,19,368,286,21
2019/11/08 19:16:01.36,107.42537949257273,129,19,20,357,274,21
2019/11/08 19:16:01.42,109.45981619163759,131,19,20,346,262,21
2019/11/08 19:16:01.48,111.77421680899467,135,19,20,336,248,21
2019/11/08 19:16:01.53,113.98639405765954,138,19,20,328,234,21
2019/11/08 19:16:01.58,116.44803053603755,140,19,20,317,220,21
2019/11/08 19:16:01.94,119.47725365958146,143,19,20,305,202,21
2019/11/08 19:16:01.94,122.38134253714682,146,19,20,290,179,21
2019/11/08 19:16:01.94,124.97638129044572,150,19,20,279,156,21
2019/11/08 19:16:01.94,127.62920596813704,153,19,20,264,131,21
2019/11/08 19:16:01.94,130.511085622563,158,19,20,246,100,21
2019/11/08 19:16:01.94,134.5076111048646,166,20,20,221,59,21
2019/11/08 19:16:01.94,140.0014298531086,175,20,20,182,35,21
2019/11/08 19:16:02.00,145.23612931375794,187,20,20,130,30,21
2019/11/08 19:16:02.00,148.91675346098185,194,20,20,75,28,21
2019/11/08 19:16:02.07,151.1215632139515,200,20,20,43,27,21
2019/11/08 19:16:02.13,152.79731979013178,204,20,20,35,26,21
2019/11/08 19:16:02.18,154.4403823256032,208,20,20,31,26,21
2019/11/08 19:16:02.24,156.45860225302047,222,20,20,27,25,21
2019/11/08 19:16:02.24,159.06100813337,245,20,20,25,25,21
2019/11/08 19:16:02.37,162.25807833006598,277,20,20,23,25,21
2019/11/08 19:16:02.37,163.86963707720653,310,21,20,22,25,21
2019/11/08 19:16:02.46,163.41071558374685,329,21,20,21,25,20
2019/11/08 19:16:02.46,160.1862323808402,333,22,20,21,24,20
2019/11/08 19:16:02.53,159.410379934824,333,22,20,21,24,20
2019/11/08 19:16:02.60,160.14314357853647,332,22,20,20,24,20
2019/11/08 19:16:02.66,160.87704197251315,330,22,20,20,24,20
2019/11/08 19:16:02.66,160.8547781563847,327,22,20,20,24,20
2019/11/08 19:16:02.76,161.03177517970062,325,22,20,20,23,20
2019/11/08 19:16:02.76,161.22998464934253,322,21,20,20,23,20
2019/11/08 19:16:02.83,160.91608846438066,320,21,20,20,23,20
2019/11/08 19:16:03.19,160.74557466152334,319,21,20,20,23,20
2019/11/08 19:16:03.19,160.27552478052263,318,22,20,20,23,20
2019/11/08 19:16:03.19,159.95321879479715,317,22,20,20,23,20
2019/11/08 19:16:03.19,159.97734806495276,316,22,20,20,23,20
2019/11/08 19:16:03.19,159.86758932644838,315,22,20,20,23,20
2019/11/08 19:16:03.19,160.09906728794147,315,22,20,20,23,19
2019/11/08 19:16:03.19,159.44067797560464,314,21,20,20,23,19
2019/11/08 19:16:03.25,159.86949345893038,312,21,20,20,23,19
2019/11/08 19:16:03.25,160.57453455008567,311,21,20,20,23,20
2019/11/08 19:16:03.32,161.01788465622062,309,21,20,20,23,20
2019/11/08 19:16:03.37,161.4915725083223,307,21,20,20,23,20
2019/11/08 19:16:03.45,163.37217093838262,305,21,20,20,23,20
2019/11/08 19:16:03.45,163.73464066312027,304,21,20,20,23,20
2019/11/08 19:16:03.61,164.25929877287848,303,21,20,20,24,20
2019/11/08 19:16:03.61,164.6623799159571,302,21,20,20,24,20
2019/11/08 19:16:03.61,164.75625738324908,301,21,20,20,24,20
2019/11/08 19:16:03.66,164.8128226793212,299,21,20,20,24,20
2019/11/08 19:16:03.77,164.72712290965995,298,21,20,20,24,20
2019/11/08 19:16:03.77,164.8367681269358,298,21,20,20,24,20
2019/11/08 19:16:03.82,165.1016948079798,297,21,20,20,23,20
2019/11/08 19:16:03.88,164.94725763888968,297,21,20,20,23,20
2019/11/08 19:16:03.95,164.8751502657705,296,21,20,20,23,20
2019/11/08 19:16:04.00,164.66090462870005,295,21,20,20,23,20
2019/11/08 19:16:04.00,164.52423574233913,293,21,20,20,24,20
2019/11/08 19:16:04.05,164.94685160463874,293,21,20,20,24,20
2019/11/08 19:16:04.17,165.68760965854145,290,21,20,20,24,20
2019/11/08 19:16:04.17,165.8204376153753,288,21,20,20,24,20
2019/11/08 19:16:04.22,166.12394827308972,287,21,20,20,24,20
2019/11/08 19:16:04.28,167.4608883932777,286,21,20,20,24,20
2019/11/08 19:16:04.33,167.82855105415203,285,20,20,20,24,20
2019/11/08 19:16:04.38,167.75321286097483,283,20,20,21,24,20
2019/11/08 19:16:04.44,167.82461811419836,280,20,19,21,24,21
2019/11/08 19:16:04.52,167.77768052029003,277,20,19,21,24,21
2019/11/08 19:16:04.52,168.37742543239258,275,20,19,21,25,21
2019/11/08 19:16:04.57,168.64310522595216,273,20,19,21,25,21
2019/11/08 19:16:04.62,168.63160111780084,269,20,19,21,25,21
2019/11/08 19:16:04.67,168.49569503465932,266,20,19,21,25,21
2019/11/08 19:16:04.72,167.850612440038,263,20,19,21,25,21
2019/11/08 19:16:04.77,165.81002332256907,258,20,19,21,25,21
2019/11/08 19:16:04.86,163.810998628001,255,20,19,21,25,21
2019/11/08 19:16:04.86,162.3342888654619,250,20,19,21,25,21
2019/11/08 19:16:04.97,161.26281899375292,242,20,19,22,26,21
2019/11/08 19:16:04.97,160.03924276702773,232,19,19,22,26,21
2019/11/08 19:16:05.02,158.58274486157072,223,19,19,22,26,21
2019/11/08 19:16:05.07,158.10496614911148,215,19,19,23,26,21
2019/11/08 19:16:05.13,158.35653119996246,211,19,19,22,26,21
2019/11/08 19:16:05.20,159.71958711565486,209,19,19,22,26,21
2019/11/08 19:16:05.25,160.4887461935935,210,19,19,22,25,21
2019/11/08 19:16:05.25,162.91238536391836,212,19,19,21,25,21
2019/11/08 19:16:05.36,161.52943504989864,216,20,19,21,25,21
2019/11/08 19:16:05.37,162.1945192329244,215,19,19,21,25,21
2019/11/08 19:16:05.42,160.6274469047793,214,19,19,21,25,21
2019/11/08 19:16:05.47,159.4869422942182,212,19,19,21,25,21
2019/11/08 19:16:05.52,158.6603195195827,210,19,19,21,25,21
2019/11/08 19:16:05.57,159.0990564851713,212,19,19,21,25,21
2019/11/08 19:16:05.65,159.76692920033625,215,19,19,21,24,21
2019/11/08 19:16:05.70,160.1444222332835,215,19,19,21,24,21
2019/11/08 19:16:05.74,159.9849595584836,214,19,19,21,24,21
2019/11/08 19:16:05.79,159.85176183045346,213,19,19,21,24,21
2019/11/08 19:16:05.84,159.79695918532494,212,19,19,21,24,21
2019/11/08 19:16:05.84,160.18309775159707,212,19,19,21,24,21
2019/11/08 19:16:05.96,160.81614923089452,213,19,19,21,24,21
2019/11/08 19:16:05.97,161.0001413487708,218,19,19,20,24,21
2019/11/08 19:16:06.02,160.39814072017384,220,19,19,20,24,21
2019/11/08 19:16:06.06,160.1541579845781,219,19,19,20,24,21
2019/11/08 19:16:06.20,159.8005323908432,223,19,19,20,24,21
2019/11/08 19:16:06.20,159.92413747950522,224,19,19,20,24,21
2019/11/08 19:16:06.20,159.546554204323,223,19,19,20,24,21
2019/11/08 19:16:06.26,159.08508698015174,222,19,19,20,24,21
2019/11/08 19:16:06.38,158.75444795693866,221,19,19,20,24,21
2019/11/08 19:16:06.38,159.15678167096476,220,19,19,20,24,21
2019/11/08 19:16:06.45,159.07276232520348,219,19,19,20,24,21
2019/11/08 19:16:06.50,159.0616182040535,219,19,19,20,24,21
2019/11/08 19:16:06.55,158.77665829789578,218,19,19,20,24,20
2019/11/08 19:16:06.63,158.87355781255798,218,19,19,20,24,21
2019/11/08 19:16:06.64,159.04399953220852,218,19,19,20,24,20
2019/11/08 19:16:06.68,159.0636696112097,217,19,19,20,24,20
2019/11/08 19:16:06.74,159.1177655123716,217,19,19,20,24,20
2019/11/08 19:16:06.78,159.03799372611613,217,19,19,20,24,20
2019/11/08 19:16:06.85,158.95946167913942,216,19,19,20,24,20
2019/11/08 19:16:06.85,158.90411631550006,216,19,19,20,24,20
2019/11/08 19:16:06.97,158.85246287949911,216,19,19,20,24,20
2019/11/08 19:16:06.97,158.89764970136517,216,19,19,20,24,20
2019/11/08 19:16:07.07,158.8905645414663,216,19,19,20,24,20
2019/11/08 19:16:07.07,158.85326169643002,216,19,19,20,24,20
2019/11/08 19:16:07.13,158.71130827925975,215,19,19,20,24,20
2019/11/08 19:16:07.18,158.59823481943826,215,19,19,20,24,20
2019/11/08 19:16:07.24,158.56545766942872,215,19,19,20,24,20
2019/11/08 19:16:07.24,158.71353373725378,215,19,19,20,24,20
2019/11/08 19:16:07.37,158.8350914650213,215,19,19,20,24,20
2019/11/08 19:16:07.37,158.89327585282487,214,19,19,20,24,20
2019/11/08 19:16:07.42,158.71166918810013,214,19,19,20,24,20
2019/11/08 19:16:07.47,158.56511233594833,213,19,19,20,24,20
2019/11/08 19:16:07.52,159.48245921309373,213,19,19,20,24,21
2019/11/08 19:16:07.57,159.35783383280355,212,19,19,20,24,20
2019/11/08 19:16:07.62,159.4216284812689,212,19,19,20,24,20
2019/11/08 19:16:07.67,159.3955687247022,211,19,19,20,24,20
2019/11/08 19:16:07.74,159.3183836247374,211,19,19,20,24,20
2019/11/08 19:16:07.79,159.42945448329203,210,19,19,20,24,20
2019/11/08 19:16:07.84,159.39118194720726,210,19,19,20,24,20
2019/11/08 19:16:07.84,159.55430332912593,210,19,19,20,24,20
2019/11/08 19:16:07.97,159.51945297712626,210,19,19,20,24,20
2019/11/08 19:16:07.97,159.49768826034733,210,19,19,20,24,20
2019/11/08 19:16:08.05,159.33260913010292,209,19,19,20,24,20
2019/11/08 19:16:08.05,158.97775166356885,209,19,19,20,24,20
2019/11/08 19:16:08.17,158.75494718535057,209,19,19,20,24,20
2019/11/08 19:16:08.17,158.5419304290063,209,19,19,20,24,20
2019/11/08 19:16:08.22,158.26195333548506,209,19,19,20,24,20
2019/11/08 19:16:08.27,157.86391342945078,209,19,19,20,24,20
2019/11/08 19:16:08.33,157.93521273673204,209,19,19,20,24,20
2019/11/08 19:16:08.39,157.89259655586133,209,19,19,20,24,20
2019/11/08 19:16:08.44,158.04965325961578,209,19,19,20,24,20
2019/11/08 19:16:08.44,158.13273040773421,209,19,19,20,24,20
2019/11/08 19:16:08.56,157.38008188387815,208,19,19,20,24,20
2019/11/08 19:16:08.57,157.49051797243825,208,19,19,20,24,20
2019/11/08 19:16:08.62,157.38865965178394,208,19,19,20,24,20
2019/11/08 19:16:08.67,157.18137353991185,208,19,19,20,24,20
2019/11/08 19:16:08.72,156.75135698051025,208,19,19,20,24,20
2019/11/08 19:16:08.77,156.31120713871022,208,19,19,20,24,20
2019/11/08 19:16:08.83,156.41219199312312,208,19,19,20,24,20
2019/11/08 19:16:08.88,156.39243235361837,208,19,19,20,24,20
2019/11/08 19:16:08.93,156.1950487987835,208,19,19,20,24,20
2019/11/08 19:16:08.98,156.018412596912,208,19,19,20,24,20
2019/11/08 19:16:09.03,155.8908074549081,207,19,19,20,24,20
2019/11/08 19:16:09.09,155.69342842316942,207,19,19,20,24,20
2019/11/08 19:16:09.14,155.64228292403763,207,19,19,20,24,20
2019/11/08 19:16:09.20,155.77367337419648,207,19,19,20,24,20
2019/11/08 19:16:09.24,155.70485157829188,207,19,19,20,24,20
2019/11/08 19:16:09.25,155.9270040469288,207,19,19,20,24,20
2019/11/08 19:16:09.37,156.19991174050557,207,19,19,20,24,20
2019/11/08 19:16:09.37,156.476967741,207,19,19,20,24,20
2019/11/08 19:16:09.42,156.54540604105154,207,19,19,20,24,20
2019/11/08 19:16:09.47,156.46961710853085,207,19,19,20,24,20
2019/11/08 19:16:09.52,156.16745352857305,207,19,19,20,24,20
2019/11/08 19:16:09.59,156.04276193563223,207,19,19,20,24,20
2019/11/08 19:16:09.65,155.74482986946757,207,19,19,20,24,20
2019/11/08 19:16:09.65,155.83508418705281,207,19,19,20,24,20
2019/11/08 19:16:09.74,33.92923441473582,207,19,19,20,24,20
2019/11/08 19:16:09.80,155.5714951688602,207,19,19,20,23,20
2019/11/08 19:16:09.80,155.59857020485535,206,19,19,20,23,20
2019/11/08 19:16:09.85,155.73056431170528,206,19,19,20,24,20
2019/11/08 19:16:09.96,156.38562784918943,206,19,19,20,24,20
2019/11/08 19:16:09.96,156.75916660113097,206,19,19,20,23,20
2019/11/08 19:16:10.02,157.0688649792193,207,19,19,20,23,20
2019/11/08 19:16:10.07,157.17169585677496,207,19,19,20,23,20
2019/11/08 19:16:10.12,157.40546791316814,207,19,19,20,23,20
2019/11/08 19:16:10.16,157.53046167032116,206,19,19,20,23,20
2019/11/08 19:16:10.24,157.6444888474645,206,19,19,20,23,20
2019/11/08 19:16:10.29,157.68194893148376,206,19,19,20,23,20
2019/11/08 19:16:10.34,157.83824076915644,206,19,19,20,23,20
2019/11/08 19:16:10.39,158.02064352799246,206,19,19,20,23,20
2019/11/08 19:16:10.44,158.09056592802202,207,19,19,20,23,20
2019/11/08 19:16:10.44,158.2500411052195,207,19,19,20,23,20
